FINAL | a6408cd0a71e3d0.60448857 | Test 1163 | 1678298365572282007 | 1678298746408412027 |  380836130020
FINAL | a6408cd0b59e643.20001125 | Test 1175 | 1678298365579066924 | 1678298754093741874 |  388514674950
FINAL | a6408cd0a7225b1.37251964 | Test 1167 | 1678298365589102694 | 1678298759159268360 |  393570165666
FINAL | a6408cd0a7a5002.14429025 | Test 1169 | 1678298365597052507 | 1678298759354711130 |  393757658623
FINAL | a6408cd0c670269.38232939 | Test 1181 | 1678298365652519802 | 1678298751173882159 |  385521362357
FINAL | a6408cd0c676e92.78722038 | Test 1182 | 1678298365628054715 | 1678298759330441350 |  393702386635
FINAL | a6408cd0a457ed1.92640507 | Test 1180 | 1678298365646576786 | 1678298734268536013 |  368621959227
FINAL | a6408cd0b461915.22401933 | Test 1166 | 1678298365652338430 | 1678298762957845735 |  397305507305
FINAL | a6408cd0d566584.76354616 | Test 1190 | 1678298365657774015 | 1678298760953227706 |  395295453691
FINAL | a6408cd0c290be0.00612969 | Test 1188 | 1678298365687804970 | 1678298762311488738 |  396623683768
FINAL | a6408ccff749b52.18281063 | Test 1316 | 1678298364715494414 | 1678299136187716513 |  771472222099
FINAL | a6408cd0d09a8d9.54393635 | Test 1214 | 1678298365696237700 | 1678298768432652092 |  402736414392
FINAL | a6408cd0a4fceb7.98972208 | Test 1171 | 1678298365716251170 | 1678298743586492367 |  377870241197
FINAL | a6408cd0b970db5.16073116 | Test 1179 | 1678298365707697703 | 1678298758500852875 |  392793155172
FINAL | a6408cd0bcfe032.32992491 | Test 1185 | 1678298365706987680 | 1678298769548350198 |  403841362518
FINAL | a6408cd0a717aa5.66607869 | Test 1172 | 1678298365711225285 | 1678298738536054778 |  372824829493
FINAL | a6408cd0aa290c5.92699899 | Test 1158 | 1678298365734812093 | 1678298748782157854 |  383047345761
FINAL | a6408cd0db30f99.26478161 | Test 1195 | 1678298365742603068 | 1678298753506024366 |  387763421298
FINAL | a6408cd0d0be209.81628108 | Test 1189 | 1678298365756700923 | 1678298755021235829 |  389264534906
FINAL | a6408ccfe705f10.63428591 | Test 1062 | 1678298365757201112 | 1678299128181951230 |  762424750118
FINAL | a6408cd0c8a0095.92849304 | Test 1173 | 1678298365765573900 | 1678298758338331986 |  392572758086
FINAL | a6408ccfd557da8.54952954 | Test 1110 | 1678298364727187314 | 1678298750105049720 |  385377862406
FINAL | a6408cd0e949bd9.34950827 | Test 1199 | 1678298365787008327 | 1678298755467823585 |  389680815258
FINAL | a6408cd0c45be62.53552612 | Test 1202 | 1678298365777621756 | 1678298761314031636 |  395536409880
FINAL | a6408cd0cc695c5.14528977 | Test 1186 | 1678298365806705853 | 1678298753337036497 |  387530330644
FINAL | a6408cd0dd89e97.84251026 | Test 1200 | 1678298365808606932 | 1678298752112667591 |  386304060659
FINAL | a6408cd0b5cdc24.13828938 | Test 1187 | 1678298365829422759 | 1678298761712727628 |  395883304869
FINAL | a6408cd0c752949.70441879 | Test 1193 | 1678298365833209266 | 1678298755642865618 |  389809656352
FINAL | a6408cd0c4a8a13.32164138 | Test 1178 | 1678298365837691842 | 1678298774044995355 |  408207303513
FINAL | a6408cd0bd56277.20425966 | Test 1183 | 1678298365847028087 | 1678298742874050033 |  377027021946
FINAL | a6408cd0ca18b40.29128601 | Test 1213 | 1678298365859026080 | 1678298757933805960 |  392074779880
FINAL | a6408cd0e861147.90133757 | Test 1210 | 1678298365859670309 | 1678298763641091261 |  397781420952
FINAL | a6408cd00e37632.69237663 | Test 1440 | 1678298364742980091 | 1678299505444083433 |  1140701103342
FINAL | a6408cd0cd98634.47264191 | Test 1208 | 1678298365872134988 | 1678298748731062566 |  382858927578
FINAL | a6408cd0c726061.23075653 | Test 1196 | 1678298365883054958 | 1678298751769371236 |  385886316278
FINAL | a6408cd0f6ecc86.39109234 | Test 1192 | 1678298365896701846 | 1678298752579766971 |  386683065125
FINAL | a6408cd0db5ec79.69417501 | Test 1203 | 1678298365899051507 | 1678298750514152938 |  384615101431
FINAL | a6408cd0dc8f742.82126098 | Test 1211 | 1678298365914739005 | 1678298770958843312 |  405044104307
FINAL | a6408cd0f0e14e6.82625554 | Test 1216 | 1678298365923185110 | 1678298756605498588 |  390682313478
FINAL | a6408cd0e2935d3.75713408 | Test 1206 | 1678298365944196014 | 1678298766998611764 |  401054415750
FINAL | a6408cd0dded976.04448198 | Test 1207 | 1678298365955830774 | 1678298755633311314 |  389677480540
FINAL | a6408cd0d43ed47.26060660 | Test 1197 | 1678298365949402498 | 1678298753372747445 |  387423344947
FINAL | a6408ccfe75d280.97404828 | Test 1063 | 1678298365949990852 | 1678299599694925447 |  1233744934595
FINAL | a6408ccfd5aba04.82468953 | Test 1092 | 1678298364734865397 | 1678298747950066841 |  383215201444
FINAL | a6408ccfe8d5e37.34937668 | Test 1241 | 1678298365977468424 | 1678299126730195115 |  760752726691
FINAL | a6408ccfe8a85b7.45287039 | Test 1248 | 1678298365983957434 | 1678299125523679864 |  759539722430
FINAL | a6408cd0f008e94.87998475 | Test 1205 | 1678298366003071756 | 1678298749207740477 |  383204668721
FINAL | a6408ccfe9d43f9.28852618 | Test 1253 | 1678298365997204913 | 1678299119412461734 |  753415256821
FINAL | a6408cd0e1cafb0.98965508 | Test 1212 | 1678298366013228332 | 1678298762936280703 |  396923052371
FINAL | a6408ccfe9cc142.13056346 | Test 1247 | 1678298366017913798 | 1678299128998845286 |  762980931488
FINAL | a6408ccfe8664f5.28786450 | Test 1239 | 1678298366019965730 | 1678299125753308418 |  759733342688
FINAL | a6408cd0f9c0255.37017300 | Test 1215 | 1678298366040757231 | 1678298761228809765 |  395188052534
FINAL | a6408cd0ebe2ec4.69580717 | Test 1198 | 1678298366079573998 | 1678298745502674665 |  379423100667
FINAL | a6408cd0ebaebd2.55037647 | Test 1204 | 1678298366080421740 | 1678298764504801301 |  398424379561
FINAL | a6408ccfe5f6871.38252464 | Test 1233 | 1678298364746437641 | 1678299580624352478 |  1215877914837
FINAL | a6408ce710d3100.83412337 | Test 1221 | 1678298366094049212 | 1678299102396989235 |  736302940023
FINAL | a6408ce5f950de3.55534766 | Test 1218 | 1678298366114024250 | 1678299089436488304 |  723322464054
FINAL | a6408cd0ddeef55.99862321 | Test 1194 | 1678298366111082236 | 1678298758495551954 |  392384469718
FINAL | a6408cd0f630ee1.97746238 | Test 1209 | 1678298366126511841 | 1678298751135682900 |  385009171059
FINAL | a6408ce74cab6d5.60584579 | Test 1224 | 1678298366139316548 | 1678299105107653845 |  738968337297
FINAL | a6408cd0ed15f32.57961002 | Test 1217 | 1678298366164941622 | 1678298761334804822 |  395169863200
FINAL | a6408ce6a0f8e36.94552930 | Test 1219 | 1678298366171832228 | 1678299098453564525 |  732281732297
FINAL | a6408ce75624cc0.02226325 | Test 1223 | 1678298366224647715 | 1678299110487935120 |  744263287405
FINAL | a6408ce77bae5c3.25703061 | Test 1232 | 1678298366233190380 | 1678299112946533015 |  746713342635
FINAL | a6408ce730282a4.98398207 | Test 1222 | 1678298366208732618 | 1678299104342066405 |  738133333787
FINAL | a6408cd02b12670.47955161 | Test 1085 | 1678298364756696279 | 1678298744571126489 |  379814430210
FINAL | a6408ce763bbb42.44186963 | Test 1226 | 1678298366241741193 | 1678299538391691595 |  1172149950402
FINAL | a6408ce757ed5a3.82508594 | Test 1225 | 1678298366233848656 | 1678299105724282607 |  739490433951
FINAL | a6408ce77035a19.34678747 | Test 1230 | 1678298366245965563 | 1678299126919125120 |  760673159557
FINAL | a6408ce77297a86.07339443 | Test 1228 | 1678298366257550571 | 1678299102933384441 |  736675833870
FINAL | a6408ce78594729.58559518 | Test 1234 | 1678298366272333362 | 1678299562984368260 |  1196712034898
FINAL | a6408ce7996f106.61980961 | Test 1237 | 1678298366273755611 | 1678299588662235262 |  1222388479651
FINAL | a6408ce791853a7.47475639 | Test 1227 | 1678298366287090594 | 1678299104597705176 |  738310614582
FINAL | a6408ce79bb22c2.66389611 | Test 1235 | 1678298366306794663 | 1678299111792690331 |  745485895668
FINAL | a6408ce78e13f85.68086674 | Test 1231 | 1678298366320986704 | 1678299112009886928 |  745688900224
FINAL | a6408ce78dbe365.87815388 | Test 1242 | 1678298366305018970 | 1678299134913940307 |  768608921337
FINAL | a6408cd02883b06.52929770 | Test 1084 | 1678298364764836600 | 1678298731017081049 |  366252244449
FINAL | a6408ce7b6eebb1.23700485 | Test 1243 | 1678298366322274732 | 1678299104898671158 |  738576396426
FINAL | a6408ce7b9b2389.36842803 | Test 1238 | 1678298366321633047 | 1678299595645233599 |  1229323600552
FINAL | a6408ce7a9e54b6.23487610 | Test 1249 | 1678298366351986668 | 1678299118108029360 |  751756042692
FINAL | a6408ce7a62ba32.65734424 | Test 1236 | 1678298366343500769 | 1678299124278739309 |  757935238540
FINAL | a6408ce79a8c8d2.34252950 | Test 1229 | 1678298366358717493 | 1678299545228491804 |  1178869774311
FINAL | a6408ce7c7ea9d1.14195425 | Test 1246 | 1678298366369895968 | 1678299549648725733 |  1183278829765
FINAL | a6408ce7d041948.35778326 | Test 1254 | 1678298366396210747 | 1678299557329132854 |  1190932922107
FINAL | a6408ce7c3efd53.29751969 | Test 1240 | 1678298366391406979 | 1678299095543767898 |  729152360919
FINAL | a6408ce7ca7ff11.49606891 | Test 1244 | 1678298366406716459 | 1678299570634181850 |  1204227465391
FINAL | a6408ce7ccf72b6.32608893 | Test 1259 | 1678298366410085483 | 1678299120580817022 |  754170731539
FINAL | a6408cd00a89f37.71207774 | Test 1424 | 1678298364766167769 | 1678299477286127961 |  1112519960192
FINAL | a6408ce7fc663b4.64755861 | Test 1252 | 1678298366435087928 | 1678299112210974014 |  745775886086
FINAL | a6408ce80e4e6e2.22677295 | Test 1262 | 1678298366422853141 | 1678299127677362242 |  761254509101
FINAL | a6408ce7c4ee6f7.31536178 | Test 1245 | 1678298366427876140 | 1678299114183243400 |  747755367260
FINAL | a6408ce7dc0ce61.92254719 | Test 1250 | 1678298366455328825 | 1678299586312093214 |  1219856764389
FINAL | a6408ccff2283d8.74038428 | Test 1286 | 1678298366460773155 | 1678299129325749568 |  762864976413
FINAL | a6408ccff243470.87673374 | Test 1288 | 1678298366456476159 | 1678299594301412563 |  1227844936404
FINAL | a6408ccff1b1ed4.63572681 | Test 1064 | 1678298366475011694 | 1678299458303793498 |  1091828781804
FINAL | a6408ccff2dfd04.87189173 | Test 1297 | 1678298366478738119 | 1678299130341684989 |  763862946870
FINAL | a6408ce7e898416.83501160 | Test 1251 | 1678298366479257655 | 1678299127627128132 |  761147870477
FINAL | a6408ce8004d453.64723458 | Test 1256 | 1678298366496986647 | 1678299117259660290 |  750762673643
FINAL | a6408cd00a8f6f6.10009060 | Test 1423 | 1678298364766944637 | 1678299599060341299 |  1234293396662
FINAL | a6408ce7ff16562.37003489 | Test 1255 | 1678298366527836377 | 1678299110878714431 |  744350878054
FINAL | a6408ccff4bd792.64394117 | Test 1298 | 1678298366526375305 | 1678299130945064409 |  764418689104
FINAL | a6408ccff4644f2.61134637 | Test 1311 | 1678298366547208635 | 1678299150957068377 |  784409859742
FINAL | a6408ccff5aaab7.41755991 | Test 1314 | 1678298366550920162 | 1678299589152657195 |  1222601737033
FINAL | a6408ccff43e6e1.46840371 | Test 1065 | 1678298366561900975 | 1678298720231256975 |  353669356000
FINAL | a6408ce80000906.61123878 | Test 1260 | 1678298366574405549 | 1678299111737629549 |  745163224000
FINAL | a6408ce81060a06.45996903 | Test 1261 | 1678298366586993339 | 1678299123467018465 |  756880025126
FINAL | a6408ce82e3cfa7.62220925 | Test 1263 | 1678298366626398040 | 1678299131606396640 |  764979998600
FINAL | a6408ce83379b23.41732847 | Test 1268 | 1678298366625660887 | 1678299542758045108 |  1176132384221
FINAL | a6408ce83550312.11729686 | Test 1270 | 1678298366655223952 | 1678299120933406131 |  754278182179
FINAL | a6408cd021802e2.61163736 | Test 1549 | 1678298364795228413 | 1678299654256756171 |  1289461527758
FINAL | a6408ccfd26ef91.19383222 | Test 1083 | 1678298364646649506 | 1678298739458186046 |  374811536540
FINAL | a6408ce809ce067.73539985 | Test 1257 | 1678298366647209418 | 1678299576744139491 |  1210096930073
FINAL | a6408ce807c4f62.10812620 | Test 1258 | 1678298366655240555 | 1678299117096000924 |  750440760369
FINAL | a6408ce83572659.60065605 | Test 1265 | 1678298366700901170 | 1678299135878770370 |  769177869200
FINAL | a6408ce83ab4495.33281213 | Test 1264 | 1678298366672930773 | 1678299597436628864 |  1230763698091
FINAL | a6408ce834d8b32.62258891 | Test 1271 | 1678298366730242320 | 1678299126867377799 |  760137135479
FINAL | a6408ce83380669.29984746 | Test 1266 | 1678298366718194143 | 1678299121904783176 |  755186589033
FINAL | a6408ce84d34372.90265185 | Test 1267 | 1678298366758361045 | 1678299111931510919 |  745173149874
FINAL | a6408ce85594840.55991501 | Test 1273 | 1678298366775211377 | 1678299128847502159 |  762072290782
FINAL | a6408ce835ab8c8.93851311 | Test 1272 | 1678298366773381842 | 1678299125014311023 |  758240929181
FINAL | a6408ce8726ae83.49995672 | Test 1287 | 1678298366787581028 | 1678299110617202715 |  743829621687
FINAL | a6408cd013d9e32.60118148 | Test 1473 | 1678298364799239802 | 1678299524762558080 |  1159963318278
FINAL | a6408ce85d2f890.56976432 | Test 1279 | 1678298366782609465 | 1678299105373005460 |  738590395995
FINAL | a6408ce84e69b83.99710401 | Test 1277 | 1678298366787148856 | 1678299120503557158 |  753716408302
FINAL | a6408ce8422e6c9.06485068 | Test 1269 | 1678298366812704700 | 1678299130065634039 |  763252929339
FINAL | a6408ce859e0b85.27810884 | Test 1282 | 1678298366834212355 | 1678299133489193445 |  766654981090
FINAL | a6408ce8658ebe7.53446760 | Test 1274 | 1678298366820076068 | 1678299129613651424 |  762793575356
FINAL | a6408ce85a013b9.00312825 | Test 1275 | 1678298366826315150 | 1678299126990872375 |  760164557225
FINAL | a6408ce860716d3.18927137 | Test 1281 | 1678298366830979355 | 1678299130248855497 |  763417876142
FINAL | a6408ce86554339.66499358 | Test 1278 | 1678298366855163204 | 1678299119387235319 |  752532072115
FINAL | a6408ce865a79d2.13262833 | Test 1283 | 1678298366878699718 | 1678299128635703476 |  761757003758
FINAL | a6408ce85c5e7e6.70891851 | Test 1285 | 1678298366876679686 | 1678299564108059241 |  1197231379555
FINAL | a6408cd03ddcaa3.70063641 | Test 1101 | 1678298364811519495 | 1678298725831775611 |  361020256116
FINAL | a6408ce86406384.20129971 | Test 1276 | 1678298366889784727 | 1678299129599797768 |  762710013041
FINAL | a6408ce85f06d25.55442907 | Test 1292 | 1678298366905109023 | 1678299556949793318 |  1190044684295
FINAL | a6408ce8733ba79.02263597 | Test 1289 | 1678298366897428706 | 1678299116875403895 |  749977975189
FINAL | a6408ce87587434.35158405 | Test 1284 | 1678298366910869297 | 1678299133663411681 |  766752542384
FINAL | a6408ce88c9fbe9.87494730 | Test 1296 | 1678298366922768875 | 1678299134187186865 |  767264417990
FINAL | a6408ce87cd6d27.40783018 | Test 1290 | 1678298366935059337 | 1678299114972122373 |  748037063036
FINAL | a6408ce874038b8.78454893 | Test 1280 | 1678298366946155256 | 1678299125329555128 |  758383399872
FINAL | a6408ce8820f621.20417059 | Test 1295 | 1678298366957030724 | 1678299138570497762 |  771613467038
FINAL | a6408ce876a4f64.26758481 | Test 1294 | 1678298366964040782 | 1678299158197022268 |  791232981486
FINAL | a6408ce89008a98.62441959 | Test 1300 | 1678298366972527904 | 1678299152366882767 |  785394354863
FINAL | a6408cd0198e653.70145542 | Test 1072 | 1678298364818926609 | 1678298732682520655 |  367863594046
FINAL | a6408ce879e5656.88507389 | Test 1291 | 1678298366975500815 | 1678299595927569628 |  1228952068813
FINAL | a6408ce88eebc97.45865442 | Test 1301 | 1678298366976485233 | 1678299153774994552 |  786798509319
FINAL | a6408ce8a22d0d3.97747014 | Test 1308 | 1678298366999171190 | 1678299124220965854 |  757221794664
FINAL | a6408ce8a273bb0.91831518 | Test 1299 | 1678298366996451143 | 1678299123751644332 |  756755193189
FINAL | a6408ce89c091f7.16673513 | Test 1293 | 1678298367011728543 | 1678299131441498608 |  764429770065
FINAL | a6408ce8a059995.34654288 | Test 1307 | 1678298367032719327 | 1678299138338408037 |  771305688710
FINAL | a6408ce8d51f3b8.51913468 | Test 1325 | 1678298367033641668 | 1678299142604740236 |  775571098568
FINAL | a6408ce8ba16135.00468590 | Test 1317 | 1678298367036999832 | 1678299124201443767 |  757164443935
FINAL | a6408ce8ae4bf46.14390528 | Test 1303 | 1678298367062806387 | 1678299136001308583 |  768938502196
FINAL | a6408ce8a53ed80.95733909 | Test 1312 | 1678298367063438734 | 1678299149556626772 |  782493188038
FINAL | a6408cd024d48a7.35171189 | Test 1071 | 1678298364823965679 | 1678298748313207608 |  383489241929
FINAL | a6408ce8af35918.53446936 | Test 1310 | 1678298367076669091 | 1678299132251837287 |  765175168196
FINAL | a6408ce8c2c22e2.50608829 | Test 1324 | 1678298367086702116 | 1678299136285750795 |  769199048679
FINAL | a6408ce893b4494.96580228 | Test 1304 | 1678298367099990992 | 1678299135880382126 |  768780391134
FINAL | a6408ce8bee3728.99931783 | Test 1318 | 1678298367105307352 | 1678299141602173061 |  774496865709
FINAL | a6408ce8b54e9d8.60411130 | Test 1327 | 1678298367114723287 | 1678299131856030027 |  764741306740
FINAL | a6408ce898e85c0.11476922 | Test 1302 | 1678298367127036703 | 1678299589101644633 |  1221974607930
FINAL | a6408ce8eaa9b21.68894484 | Test 1331 | 1678298367145312179 | 1678299596679369407 |  1229534057228
FINAL | a6408cd0004ce02.07773275 | Test 1066 | 1678298367150154780 | 1678299606362234805 |  1239212080025
FINAL | a6408ce8a91f5a9.54794626 | Test 1305 | 1678298367154653065 | 1678299143633255803 |  776478602738
FINAL | a6408ce8b23d637.93424832 | Test 1306 | 1678298367155997408 | 1678299119683111305 |  752527113897
FINAL | a6408cd028811e2.13349534 | Test 1081 | 1678298364841291654 | 1678298738724757445 |  373883465791
FINAL | a6408cd00071800.10354200 | Test 1396 | 1678298367167829489 | 1678299494335045206 |  1127167215717
FINAL | a6408ce8ed73a87.21208744 | Test 1323 | 1678298367177383665 | 1678299598496606271 |  1231319222606
FINAL | a6408cd00272ad4.67012456 | Test 1397 | 1678298367191921095 | 1678299490390648721 |  1123198727626
FINAL | a6408ce8bb5e059.92719803 | Test 1321 | 1678298367192406966 | 1678299567439434146 |  1200247027180
FINAL | a6408ce8e0a4161.17350125 | Test 1320 | 1678298367202996806 | 1678299127399569323 |  760196572517
FINAL | a6408ce8c335f36.20449158 | Test 1319 | 1678298367216844372 | 1678299145081285453 |  777864441081
FINAL | a6408ce8bbcfc44.30994489 | Test 1309 | 1678298367211934395 | 1678299596034016252 |  1228822081857
FINAL | a6408ce8d1564b1.73242397 | Test 1326 | 1678298367235486236 | 1678299140850690309 |  773615204073
FINAL | a6408ce8c545e49.87819133 | Test 1322 | 1678298367236237968 | 1678299143501439233 |  776265201265
FINAL | a6408cd000e4181.41519962 | Test 1067 | 1678298367246097296 | 1678299651935176380 |  1284689079084
FINAL | a6408cd027028b1.71107087 | Test 1080 | 1678298364847037089 | 1678298754869902142 |  390022865053
FINAL | a6408ce8c8d7c22.29600840 | Test 1313 | 1678298367257237439 | 1678299133852916235 |  766595678796
FINAL | a6408cd00125060.31300439 | Test 1391 | 1678298367275453343 | 1678299535392932635 |  1168117479292
FINAL | a6408cd004009a4.23750367 | Test 1069 | 1678298367299175847 | 1678298757740153361 |  390440977514
FINAL | a6408cd005abd48.71702129 | Test 1068 | 1678298367319959522 | 1678299648658849594 |  1281338890072
FINAL | a6408ce8d4ad531.57835800 | Test 1315 | 1678298367323390783 | 1678299132511653141 |  765188262358
FINAL | a6408ce9160bf61.21299534 | Test 1336 | 1678298367358433426 | 1678299138856090463 |  771497657037
FINAL | a6408ce90044be6.91056091 | Test 1337 | 1678298367352871967 | 1678299148599956405 |  781247084438
FINAL | a6408ce8e0a08d3.10803304 | Test 1328 | 1678298367350774528 | 1678299145474599953 |  778123825425
FINAL | a6408ce8f3859d9.62766294 | Test 1335 | 1678298367359621847 | 1678299610682047689 |  1243322425842
FINAL | a6408ce9119cf08.05524925 | Test 1342 | 1678298367401195990 | 1678299147731164385 |  780329968395
FINAL | a6408cd046efc88.51609559 | Test 1108 | 1678298364855137926 | 1678298747787183803 |  382932045877
FINAL | a6408ce8e48e457.96969962 | Test 1334 | 1678298367381466043 | 1678299125767336673 |  758385870630
FINAL | a6408cd008b5e81.24928223 | Test 1418 | 1678298367412729432 | 1678299510309824530 |  1142897095098
FINAL | a6408ce8f0b3c87.12294709 | Test 1329 | 1678298367421055853 | 1678299603433579626 |  1236012523773
FINAL | a6408ce8f4c46b8.31685229 | Test 1332 | 1678298367444210419 | 1678299129344414126 |  761900203707
FINAL | a6408cd002d10c8.37348009 | Test 1398 | 1678298367445168067 | 1678299491324360610 |  1123879192543
FINAL | a6408ce9397f908.46498825 | Test 1340 | 1678298367462966438 | 1678299582274056846 |  1214811090408
FINAL | a6408ce8e79a7e1.25239004 | Test 1333 | 1678298367473879334 | 1678299140925566338 |  773451687004
FINAL | a6408ce911acb43.44937828 | Test 1338 | 1678298367486793066 | 1678299138645906370 |  771159113304
FINAL | a6408cd00550af0.40975643 | Test 1404 | 1678298367473725115 | 1678299505160430322 |  1137686705207
FINAL | a6408cd006b2301.12558818 | Test 1407 | 1678298367497699630 | 1678299490934276763 |  1123436577133
FINAL | a6408cd03d6e901.82449256 | Test 1088 | 1678298364855637683 | 1678298749057637521 |  384201999838
FINAL | a6408ce9222a1e4.71531338 | Test 1346 | 1678298367519038999 | 1678299145984860257 |  778465821258
FINAL | a6408ce900180f6.48752470 | Test 1341 | 1678298367537636421 | 1678299115888369206 |  748350732785
FINAL | a6408ce923bbb00.47063715 | Test 1344 | 1678298367545324924 | 1678299125744565366 |  758199240442
FINAL | a6408ce933fd883.65090214 | Test 1347 | 1678298367555167660 | 1678299595029986422 |  1227474818762
FINAL | a6408ce92226342.59346255 | Test 1343 | 1678298367573328673 | 1678299140917232864 |  773343904191
FINAL | a6408ce937a20d2.80228929 | Test 1339 | 1678298367600753415 | 1678299134760824483 |  767160071068
FINAL | a6408ce92d3c782.67824174 | Test 1348 | 1678298367613245094 | 1678299143624880902 |  776011635808
FINAL | a6408ce9388dfd8.29078078 | Test 1345 | 1678298367623861755 | 1678299137769586910 |  770145725155
FINAL | a6408ce96318b84.89582935 | Test 1350 | 1678298367624855631 | 1678299142538671461 |  774913815830
FINAL | a6408ce96b3eff0.30174021 | Test 1351 | 1678298367648332542 | 1678299149074256163 |  781425923621
FINAL | a6408cd03d316b2.12953248 | Test 1099 | 1678298364877072813 | 1678298759940234820 |  395063162007
FINAL | a6408ce958322d4.94102784 | Test 1352 | 1678298367658157627 | 1678299134648181587 |  766990023960
FINAL | a6408ce95a32132.75496413 | Test 1349 | 1678298367681358048 | 1678299120600963051 |  752919605003
FINAL | a6408ce98c1eb93.54086947 | Test 1354 | 1678298367709356728 | 1678299143599484947 |  775890128219
FINAL | a6408ce974617f4.40477195 | Test 1355 | 1678298367693481637 | 1678299602985792819 |  1235292311182
FINAL | a6408ce97973193.26208192 | Test 1353 | 1678298367712490400 | 1678299156679916807 |  788967426407
FINAL | a6408ce981287c5.48724672 | Test 1356 | 1678298367717970458 | 1678299137527437782 |  769809467324
FINAL | a6408ce9a15d689.85728849 | Test 1357 | 1678298367729923035 | 1678299143291091493 |  775561168458
FINAL | a6408ce9cc07731.79214678 | Test 1358 | 1678298367742579866 | 1678299158562569252 |  790819989386
FINAL | a6408ce9c9f9044.01110081 | Test 1359 | 1678298367745620914 | 1678299142692253609 |  774946632695
FINAL | a6408ce9fe9ba62.05743415 | Test 1361 | 1678298367759556885 | 1678299159741988078 |  791982431193
FINAL | a6408cd027c9f74.81952921 | Test 1076 | 1678298364870289468 | 1678298746525859172 |  381655569704
FINAL | a6408ccfd5a8035.22148438 | Test 1123 | 1678298364660576710 | 1678298753433794774 |  388773218064
FINAL | a6408ce9cbb14c7.16328655 | Test 1360 | 1678298367759044854 | 1678299152981667939 |  785222623085
FINAL | a6408cf35a77ae5.75529880 | Test 1362 | 1678298367775641389 | 1678299600796682814 |  1233021041425
FINAL | a6408cf5b867270.09442739 | Test 1365 | 1678298367785376504 | 1678299351311489067 |  983526112563
FINAL | a6408cf4498b0b3.90395703 | Test 1364 | 1678298367790588608 | 1678299315504344737 |  947713756129
FINAL | a6408cf6015c963.77062947 | Test 1367 | 1678298367807004936 | 1678299347746248653 |  979939243717
FINAL | a6408cf3d71b075.66993819 | Test 1363 | 1678298367795637086 | 1678299332726864992 |  964931227906
FINAL | a6408cf5e9d9e01.77643533 | Test 1366 | 1678298367816079922 | 1678299358195065907 |  990378985985
FINAL | a6408cf6393e9e5.79786970 | Test 1368 | 1678298367823056708 | 1678299658411501808 |  1290588445100
FINAL | a6408cf65d749c1.11809919 | Test 1369 | 1678298367834998316 | 1678299380294969564 |  1012459971248
FINAL | a6408cf67e86d13.09718842 | Test 1372 | 1678298367842796825 | 1678299532721265563 |  1164878468738
FINAL | a6408cd03875de7.12048516 | Test 1096 | 1678298364892310979 | 1678298736285272002 |  371392961023
FINAL | a6408cf64641558.35664830 | Test 1371 | 1678298367863090712 | 1678299368476253271 |  1000613162559
FINAL | a6408cf6794ee05.08667479 | Test 1370 | 1678298367881042972 | 1678299373881413921 |  1006000370949
FINAL | a6408cf72e1cec7.20522811 | Test 1377 | 1678298367899647838 | 1678299372576402639 |  1004676754801
FINAL | a6408cf6dca7bf3.92072093 | Test 1374 | 1678298367904658022 | 1678299521104266167 |  1153199608145
FINAL | a6408cf6b459db6.06522365 | Test 1373 | 1678298367914516368 | 1678299366256288675 |  998341772307
FINAL | a6408cf6d02fdf6.35860932 | Test 1556 | 1678298367915510395 | 1678299658563974053 |  1290648463658
FINAL | a6408cf747f70c3.14648613 | Test 1378 | 1678298367933063776 | 1678299376977838879 |  1009044775103
FINAL | a6408cf712cf1d2.72901293 | Test 1375 | 1678298367931288424 | 1678299364726179534 |  996794891110
FINAL | a6408cf761cd417.71579568 | Test 1379 | 1678298367957312297 | 1678299364663899411 |  996706587114
FINAL | a6408cf79cbe3d8.06247180 | Test 1382 | 1678298367958641813 | 1678299401921820545 |  1033963178732
FINAL | a6408cd04275493.47153745 | Test 1113 | 1678298364908833836 | 1678298754718507831 |  389809673995
FINAL | a6408cf7616e8e9.14027079 | Test 1381 | 1678298367974384625 | 1678299396317977894 |  1028343593269
FINAL | a6408cf736ab0c3.92758741 | Test 1376 | 1678298367962399546 | 1678299336370745230 |  968408345684
FINAL | a6408cf7a21fad9.78755572 | Test 1383 | 1678298367987036255 | 1678299371258520316 |  1003271484061
FINAL | a6408cf7a476553.62869364 | Test 1380 | 1678298367990987934 | 1678299407070093818 |  1039079105884
FINAL | a6408cf7c3e9254.12316929 | Test 1384 | 1678298367995053526 | 1678299535816251641 |  1167821198115
FINAL | a6408cf7c1be741.37635591 | Test 1385 | 1678298368022163678 | 1678299421619593799 |  1053597430121
FINAL | a6408cd012bdb70.12276879 | Test 1480 | 1678298368014249401 | 1678299536985521185 |  1168971271784
FINAL | a6408cd010e70c6.95964533 | Test 1457 | 1678298368042367774 | 1678299604540957074 |  1236498589300
FINAL | a6408cd01236d49.72118914 | Test 1070 | 1678298368032832856 | 1678298753461113889 |  385428281033
FINAL | a6408cf7b8813a7.65776371 | Test 1386 | 1678298368050437924 | 1678299394296203577 |  1026245765653
FINAL | a6408cd04a22e19.17043699 | Test 1109 | 1678298364914352615 | 1678298752813374586 |  387899021971
FINAL | a6408cf84e40589.45235883 | Test 1388 | 1678298368061037883 | 1678299416868811858 |  1048807773975
FINAL | a6408cf827774a4.81636707 | Test 1389 | 1678298368066231623 | 1678299385621215713 |  1017554984090
FINAL | a6408cf7f482b08.73629355 | Test 1387 | 1678298368071119398 | 1678299401175199248 |  1033104079850
FINAL | a6408cf84257830.93956046 | Test 1390 | 1678298368075940569 | 1678299556280869937 |  1188204929368
FINAL | a6408cfdf0d8a57.58181637 | Test 1394 | 1678298368106603571 | 1678299467377944853 |  1099271341282
FINAL | a6408cfd19a06b8.83074838 | Test 1393 | 1678298368111094580 | 1678299557476754173 |  1189365659593
FINAL | a6408cd0130f648.65647575 | Test 1476 | 1678298368115155915 | 1678299614170572030 |  1246055416115
FINAL | a6408cf92a35bf1.59630867 | Test 1392 | 1678298368137545977 | 1678299404328961522 |  1036191415545
FINAL | a6408cfe1a48de4.20324758 | Test 1395 | 1678298368154710678 | 1678299486309607003 |  1118154896325
FINAL | a6408cfe796b652.33026197 | Test 1399 | 1678298368172538975 | 1678299482376252597 |  1114203713622
FINAL | a6408cd043462d9.12005885 | Test 1105 | 1678298364915166934 | 1678298735431746942 |  370516580008
FINAL | a6408cfe9c455f5.38700761 | Test 1401 | 1678298368197910213 | 1678299497924168584 |  1129726258371
FINAL | a6408cd01889366.81228818 | Test 1519 | 1678298368175089794 | 1678299645909242831 |  1277734153037
FINAL | a6408cfec7dce65.60105919 | Test 1405 | 1678298368193938547 | 1678299483232271668 |  1115038333121
FINAL | a6408cfe8c78d44.52057789 | Test 1400 | 1678298368214398715 | 1678299497223503365 |  1129009104650
FINAL | a6408cfeb7e3b77.68450751 | Test 1402 | 1678298368224107091 | 1678299479929231986 |  1111705124895
FINAL | a6408cfeaac2237.47130333 | Test 1403 | 1678298368249017663 | 1678299595091108782 |  1226842091119
FINAL | a6408cd021eb8b3.30215668 | Test 1077 | 1678298368409699740 | 1678298761317517841 |  392907818101
FINAL | a6408cd01f10fb5.90099927 | Test 1073 | 1678298368434312083 | 1678298735206968121 |  366772656038
FINAL | a6408cff13c7303.98968859 | Test 1409 | 1678298368428960637 | 1678299490871126717 |  1122442166080
FINAL | a6408cfef162f13.57944851 | Test 1406 | 1678298368435147061 | 1678299502244600681 |  1133809453620
FINAL | a6408cd03d8a247.49349699 | Test 1091 | 1678298364922980652 | 1678298751004871578 |  386081890926
FINAL | a6408cfef80c482.64979829 | Test 1408 | 1678298368443818939 | 1678299484521241125 |  1116077422186
FINAL | a6408cff21ec6e0.86906437 | Test 1410 | 1678298368462514675 | 1678299508339272357 |  1139876757682
FINAL | a6408cff3d969d1.50214102 | Test 1412 | 1678298368460538586 | 1678299514329486044 |  1145868947458
FINAL | a6408cd019957e8.89591588 | Test 1522 | 1678298368479060856 | 1678299644422884170 |  1275943823314
FINAL | a6408cff2f36419.06799333 | Test 1411 | 1678298368473336821 | 1678299597672923621 |  1229199586800
FINAL | a6408cff1519136.64035588 | Test 1413 | 1678298368508724511 | 1678299503024167555 |  1134515443044
FINAL | a6408cff356e706.23506159 | Test 1414 | 1678298368494146736 | 1678299600167533059 |  1231673386323
FINAL | a6408cff3308d95.19085131 | Test 1415 | 1678298368510913330 | 1678299493325555114 |  1124814641784
FINAL | a6408cff4e6b8a3.70807264 | Test 1416 | 1678298368510131443 | 1678299503076070879 |  1134565939436
FINAL | a6408cff5d647b9.33889793 | Test 1417 | 1678298368539985275 | 1678299512608531713 |  1144068546438
FINAL | a6408cd0434a4f2.16793553 | Test 1114 | 1678298364915995269 | 1678298753939736061 |  389023740792
FINAL | a6408cff6a91c34.29503964 | Test 1420 | 1678298368553488294 | 1678299511103709100 |  1142550220806
FINAL | a6408cff491d667.84216983 | Test 1419 | 1678298368577096271 | 1678299486814628963 |  1118237532692
FINAL | a6408cff739a8e7.11235000 | Test 1421 | 1678298368584655211 | 1678299497167088672 |  1128582433461
FINAL | a6408cff7867dc5.91370077 | Test 1422 | 1678298368591228521 | 1678299594726539083 |  1226135310562
FINAL | a6408cff93957a4.10471952 | Test 1426 | 1678298368601584991 | 1678299517938118593 |  1149336533602
FINAL | a6408cff97bd611.48434361 | Test 1425 | 1678298368628668774 | 1678299512262971719 |  1143634302945
FINAL | a6408cffa57f814.74822641 | Test 1429 | 1678298368629710079 | 1678299621212921292 |  1252583211213
FINAL | a6408cffc1d7174.29850330 | Test 1431 | 1678298368628423584 | 1678299521759342023 |  1153130918439
FINAL | a6408cffa95cb28.14690458 | Test 1428 | 1678298368644938907 | 1678299524388787547 |  1155743848640
FINAL | a6408cff8b58ec0.27945967 | Test 1427 | 1678298368658811659 | 1678299493737592312 |  1125078780653
FINAL | a6408cd045229d7.10673059 | Test 1103 | 1678298364920514172 | 1678298730213881382 |  365293367210
FINAL | a6408cd0234b2f3.36580437 | Test 1075 | 1678298368667103956 | 1678298739519367849 |  370852263893
FINAL | a6408cd020215b5.33981716 | Test 1074 | 1678298368687850471 | 1678298740649287893 |  371961437422
FINAL | a6408cffc694ac8.12290955 | Test 1435 | 1678298368687220890 | 1678299621363190680 |  1252675969790
FINAL | a6408cffd9e9000.11066051 | Test 1433 | 1678298368701435854 | 1678299505320392227 |  1136618956373
FINAL | a6408cffb9ebfc6.87098790 | Test 1430 | 1678298368711693289 | 1678299516764656770 |  1148052963481
FINAL | a6408cffe675a30.40373305 | Test 1436 | 1678298368743153127 | 1678299506646151327 |  1137902998200
FINAL | a6408cffcbd59e9.17177242 | Test 1432 | 1678298368732843573 | 1678299512137565002 |  1143404721429
FINAL | a6408cffebafba9.37329821 | Test 1444 | 1678298368753951167 | 1678299524772096896 |  1156018145729
FINAL | a6408cffd8271f1.79096499 | Test 1434 | 1678298368771701429 | 1678299493927359638 |  1125155658209
FINAL | a6408cfff96b104.68411946 | Test 1439 | 1678298368787090617 | 1678299531663185798 |  1162876095181
FINAL | a6408cd047c14b6.19832383 | Test 1107 | 1678298364943798793 | 1678298753925406511 |  388981607718
FINAL | a6408cffe104583.72858227 | Test 1437 | 1678298368786934955 | 1678299540780523513 |  1171993588558
FINAL | a6408cfffcc9779.67132142 | Test 1438 | 1678298368800570713 | 1678299523164338780 |  1154363768067
FINAL | a6408cfffc2c651.68341778 | Test 1441 | 1678298368819070902 | 1678299499739516932 |  1130920446030
FINAL | a6408cfffe9ee00.92259924 | Test 1442 | 1678298368811301608 | 1678299523233794785 |  1154422493177
FINAL | a6408d0004259b5.83489360 | Test 1453 | 1678298368839602965 | 1678299602339963762 |  1233500360797
FINAL | a6408d0010721c8.26550017 | Test 1449 | 1678298368836961166 | 1678299609123287414 |  1240286326248
FINAL | a6408d0031a74e6.51923539 | Test 1460 | 1678298368856394627 | 1678299531471600068 |  1162615205441
FINAL | a6408d002ca70c4.37930027 | Test 1447 | 1678298368851656462 | 1678299513383576116 |  1144531919654
FINAL | a6408d0012f5727.50613713 | Test 1445 | 1678298368872787740 | 1678299601458049239 |  1232585261499
FINAL | a6408d001e74e58.22784892 | Test 1443 | 1678298368883558229 | 1678299523675009073 |  1154791450844
FINAL | a6408cd045f9722.46501723 | Test 1097 | 1678298364960086357 | 1678298736819405289 |  371859318932
FINAL | a6408d002ad9d39.25685537 | Test 1454 | 1678298368894164961 | 1678299621660588694 |  1252766423733
FINAL | a6408d0031adc87.01079030 | Test 1452 | 1678298368909243857 | 1678299529783252458 |  1160874008601
FINAL | a6408d0022d5919.94526772 | Test 1451 | 1678298368888390641 | 1678299511319148209 |  1142430757568
FINAL | a6408d0025ed857.43712166 | Test 1450 | 1678298368919339368 | 1678299535391056574 |  1166471717206
FINAL | a6408d001d507e8.67246607 | Test 1448 | 1678298368919976074 | 1678299511293730224 |  1142373754150
FINAL | a6408d0031d6812.80055913 | Test 1455 | 1678298368943129658 | 1678299657253646872 |  1288310517214
FINAL | a6408d003248c40.37070845 | Test 1456 | 1678298368946184052 | 1678299517785924250 |  1148839740198
FINAL | a6408d005e10433.43762630 | Test 1462 | 1678298368955995370 | 1678299518982510543 |  1150026515173
FINAL | a6408cd02360a67.49930297 | Test 1079 | 1678298368985351648 | 1678298730035846840 |  361050495192
FINAL | a6408d005cbed36.28157983 | Test 1466 | 1678298368986418381 | 1678299603634201769 |  1234647783388
FINAL | a6408cd04d19e01.40103418 | Test 1117 | 1678298364974179144 | 1678298746455796819 |  381481617675
FINAL | a6408ccfd51ce76.17196609 | Test 1059 | 1678298364663147526 | 1678299079305743785 |  714642596259
FINAL | a6408d001a5b996.18998723 | Test 1446 | 1678298368986786271 | 1678299521854817072 |  1152868030801
FINAL | a6408d00581a4c5.09676831 | Test 1461 | 1678298368995880624 | 1678299535628554682 |  1166632674058
FINAL | a6408d0059eb737.53796047 | Test 1459 | 1678298369002715714 | 1678299511871519815 |  1142868804101
FINAL | a6408d004b634b0.88946285 | Test 1458 | 1678298369014029232 | 1678299498318842515 |  1129304813283
FINAL | a6408d0064e8e74.01015055 | Test 1467 | 1678298369009647428 | 1678299517848059621 |  1148838412193
FINAL | a6408cd02b63a12.23597977 | Test 1078 | 1678298369060175179 | 1678298747684250714 |  378624075535
FINAL | a6408d005ce18d8.85699569 | Test 1464 | 1678298369050941375 | 1678299518130430346 |  1149079488971
FINAL | a6408d0089bf012.19022301 | Test 1474 | 1678298369087953776 | 1678299525786573087 |  1156698619311
FINAL | a6408d008d0ba69.64123406 | Test 1477 | 1678298369078755398 | 1678299531011649838 |  1161932894440
FINAL | a6408d006745692.19012679 | Test 1463 | 1678298369077474303 | 1678299522053792974 |  1152976318671
FINAL | a6408cd06dadc57.52498881 | Test 1139 | 1678298364977587832 | 1678298754861631045 |  389884043213
FINAL | a6408d007475fa5.78388931 | Test 1468 | 1678298369078086392 | 1678299519457265535 |  1150379179143
FINAL | a6408d00869cbb6.01811064 | Test 1469 | 1678298369112756495 | 1678299523989244474 |  1154876487979
FINAL | a6408d005c70989.56259806 | Test 1465 | 1678298369104886432 | 1678299525745222634 |  1156640336202
FINAL | a6408d009e1d349.71297173 | Test 1471 | 1678298369124757354 | 1678299536270688611 |  1167145931257
FINAL | a6408cd02e198a3.29256384 | Test 1087 | 1678298369127102096 | 1678298738710837344 |  369583735248
FINAL | a6408d00a2ca4d1.88266686 | Test 1478 | 1678298369132981903 | 1678299608652698603 |  1239519716700
FINAL | a6408d007e6b139.89729602 | Test 1470 | 1678298369149679368 | 1678299607651179395 |  1238501500027
FINAL | a6408d00957aae8.15432993 | Test 1479 | 1678298369150060304 | 1678299527299027527 |  1158148967223
FINAL | a6408d00a4473f8.01948801 | Test 1475 | 1678298369168672433 | 1678299521975245723 |  1152806573290
FINAL | a6408d0098b75e2.11058064 | Test 1472 | 1678298369171160273 | 1678299521155427128 |  1151984266855
FINAL | a6408cd03e7d372.69746089 | Test 1093 | 1678298364991546987 | 1678298731521574577 |  366530027590
FINAL | a6408d00cdc58a2.25361457 | Test 1490 | 1678298369199668870 | 1678299535783270839 |  1166583601969
FINAL | a6408d00b933881.55229609 | Test 1482 | 1678298369211071867 | 1678299515892536874 |  1146681465007
FINAL | a6408d00ccf3d92.08020111 | Test 1484 | 1678298369219170569 | 1678299611703287388 |  1242484116819
FINAL | a6408cd03329bf8.96382783 | Test 1090 | 1678298369227303036 | 1678298705897563821 |  336670260785
FINAL | a6408d00c451174.96856835 | Test 1485 | 1678298369240338636 | 1678299539807037079 |  1170566698443
FINAL | a6408d00b1d6651.10129175 | Test 1483 | 1678298369231053446 | 1678299527236362419 |  1158005308973
FINAL | a6408d010bff757.31761609 | Test 1495 | 1678298369238243603 | 1678299541749148600 |  1172510904997
FINAL | a6408cd02c89909.08992191 | Test 1082 | 1678298369271135900 | 1678298734612144062 |  365341008162
FINAL | a6408d00b83adc9.07999153 | Test 1481 | 1678298369275710387 | 1678299603304436937 |  1234028726550
FINAL | a6408d00ed8ecf8.88385782 | Test 1486 | 1678298369289444699 | 1678299513179223971 |  1143889779272
FINAL | a6408cd039b0ee5.28554710 | Test 1098 | 1678298364997813520 | 1678298738355254616 |  373357441096
FINAL | a6408d00f0541a2.26470106 | Test 1487 | 1678298369319207100 | 1678299525250787045 |  1155931579945
FINAL | a6408d00f8bda08.83493759 | Test 1488 | 1678298369313276397 | 1678299541821863232 |  1172508586835
FINAL | a6408d01158f758.12152961 | Test 1496 | 1678298369322107695 | 1678299539819318914 |  1170497211219
FINAL | a6408d013110ed2.72329480 | Test 1498 | 1678298369351293944 | 1678299535564536836 |  1166213242892
FINAL | a6408cd035e22d1.76329574 | Test 1094 | 1678298369365678327 | 1678298753472919331 |  384107241004
FINAL | a6408d0134672e8.54514443 | Test 1492 | 1678298369374136536 | 1678299526606856495 |  1157232719959
FINAL | a6408d010f1add3.85382180 | Test 1489 | 1678298369379169223 | 1678299525119159099 |  1155739989876
FINAL | a6408d0170a90c8.89087142 | Test 1501 | 1678298369414408545 | 1678299554522578706 |  1185108170161
FINAL | a6408d015dde243.89130702 | Test 1499 | 1678298369425125213 | 1678299528754423553 |  1159329298340
FINAL | a6408d010c10021.78762830 | Test 1491 | 1678298369426373236 | 1678299547359885884 |  1177933512648
FINAL | a6408cd06a63587.87885955 | Test 1125 | 1678298365005816193 | 1678298743875229101 |  378869412908
FINAL | a6408d01842a946.72030920 | Test 1504 | 1678298369451307652 | 1678299538463491760 |  1169012184108
FINAL | a6408d0133e5796.55513045 | Test 1494 | 1678298369451860349 | 1678299604328201424 |  1234876341075
FINAL | a6408d016d1a5f1.95320124 | Test 1500 | 1678298369483704128 | 1678299617636586452 |  1248152882324
FINAL | a6408d012a832a5.24505745 | Test 1493 | 1678298369453387848 | 1678299615799281346 |  1246345893498
FINAL | a6408d01a962778.77771913 | Test 1506 | 1678298369498418511 | 1678299549199058856 |  1179700640345
FINAL | a6408d0221af492.56712698 | Test 1509 | 1678298369504720891 | 1678299539071388799 |  1169566667908
FINAL | a6408d01b035790.88840890 | Test 1505 | 1678298369511397354 | 1678299549581983964 |  1180070586610
FINAL | a6408d015f25b13.47139328 | Test 1497 | 1678298369516976267 | 1678299618912638020 |  1249395661753
FINAL | a6408d01bb45d03.31291966 | Test 1503 | 1678298369540406071 | 1678299625108173580 |  1255567767509
FINAL | a6408d0186445b7.47016656 | Test 1502 | 1678298369533945102 | 1678299548254287748 |  1178720342646
FINAL | a6408cd0612cd17.29135997 | Test 1120 | 1678298365018223293 | 1678298754903103569 |  389884880276
FINAL | a6408d01fc09a13.14006237 | Test 1508 | 1678298369558340859 | 1678299547678971749 |  1178120630890
FINAL | a6408d0236e8d53.95280895 | Test 1510 | 1678298369564122691 | 1678299559436305834 |  1189872183143
FINAL | a6408d020a5fd98.30066167 | Test 1507 | 1678298369579572935 | 1678299543040602631 |  1173461029696
FINAL | a6408d076b8d855.86882689 | Test 1512 | 1678298369585836755 | 1678299614467064723 |  1244881227968
FINAL | a6408d05f8423f1.29644658 | Test 1511 | 1678298369590992944 | 1678299604406148388 |  1234815155444
FINAL | a6408d0ca9b9281.98557997 | Test 1514 | 1678298369619190387 | 1678299658386106766 |  1288766916379
FINAL | a6408cd03f0a8a8.47059123 | Test 1102 | 1678298369627030956 | 1678298733702201957 |  364075171001
FINAL | a6408d0bdcef050.51699308 | Test 1513 | 1678298369629938763 | 1678299638482745927 |  1268852807164
FINAL | a6408d0cc6fe124.81010900 | Test 1516 | 1678298369641029173 | 1678299639570168766 |  1269929139593
FINAL | a6408d0cfa38491.19040309 | Test 1517 | 1678298369652596537 | 1678299644489313533 |  1274836716996
FINAL | a6408cd05c391e9.18431523 | Test 1115 | 1678298365032622274 | 1678298738062127940 |  373029505666
FINAL | a6408cd03347cd4.93479804 | Test 1095 | 1678298369671914853 | 1678298754949716442 |  385277801589
FINAL | a6408d0d8ef1da8.25582199 | Test 1521 | 1678298369671531212 | 1678299649429650172 |  1279758118960
FINAL | a6408d0cbbd6cf9.07318084 | Test 1515 | 1678298369673429666 | 1678299641225712846 |  1271552283180
FINAL | a6408d0ced350b1.77376254 | Test 1518 | 1678298369679069032 | 1678299641855613042 |  1272176544010
FINAL | a6408d0ec52eeb9.94680772 | Test 1557 | 1678298369711441833 | 1678299658856520539 |  1289145078706
FINAL | a6408cd03d399b7.89093254 | Test 1086 | 1678298369715209566 | 1678298746175491292 |  376460281726
FINAL | a6408d0d5a10b22.40864701 | Test 1520 | 1678298369722063373 | 1678299648855829420 |  1279133766047
FINAL | a6408d0e9b6f287.10141229 | Test 1524 | 1678298369742843802 | 1678299651894227120 |  1282151383318
FINAL | a6408d0ea32f583.21549248 | Test 1523 | 1678298369763308248 | 1678299653370303639 |  1283606995391
FINAL | a6408cd03ef69d8.52080705 | Test 1100 | 1678298369776781551 | 1678298734732371396 |  364955589845
FINAL | a6408cd0737e259.41868990 | Test 1129 | 1678298365029748199 | 1678298749127023274 |  384097275075
FINAL | a6408d0ef6c8121.12744734 | Test 1525 | 1678298369779466982 | 1678299654187703775 |  1284408236793
FINAL | a6408d0f2b54b02.45825637 | Test 1528 | 1678298369801416897 | 1678299649509595828 |  1279708178931
FINAL | a6408d0ef0c3ed3.80787947 | Test 1527 | 1678298369808504822 | 1678299650956968453 |  1281148463631
FINAL | a6408d0f12feb13.18892371 | Test 1526 | 1678298369811801421 | 1678299653723216126 |  1283911414705
FINAL | a6408d1013844f3.58595631 | Test 1543 | 1678298369832513984 | 1678299653536119833 |  1283703605849
FINAL | a6408d0ff7f99a0.81889835 | Test 1540 | 1678298369839824818 | 1678299652916955222 |  1283077130404
FINAL | a6408d0f741d0f7.42170833 | Test 1533 | 1678298369847080768 | 1678299655448848057 |  1285601767289
FINAL | a6408d0ffcf15e3.10747413 | Test 1542 | 1678298369853453441 | 1678299651280281986 |  1281426828545
FINAL | a6408d0f408f249.86495736 | Test 1531 | 1678298369880970847 | 1678299654118699598 |  1284237728751
FINAL | a6408d0f7b77018.78564273 | Test 1535 | 1678298369909242640 | 1678299656800422118 |  1286891179478
FINAL | a6408cd069ebe99.58637810 | Test 1119 | 1678298365051927535 | 1678298753949109416 |  388897181881
FINAL | a6408d0fccc20e4.99992320 | Test 1537 | 1678298369909157531 | 1678299652638344696 |  1282729187165
FINAL | a6408d0f5ae0410.50885752 | Test 1529 | 1678298369915107079 | 1678299651171964760 |  1281256857681
FINAL | a6408d0fe57a0d4.19263756 | Test 1541 | 1678298369924137932 | 1678299653268698533 |  1283344560601
FINAL | a6408d0f57fbc96.54397695 | Test 1534 | 1678298369929507863 | 1678299653544137354 |  1283614629491
FINAL | a6408d0f6c2d8e5.71728797 | Test 1530 | 1678298369931984342 | 1678299654870097482 |  1284938113140
FINAL | a6408d0fc9a7f53.88566643 | Test 1536 | 1678298369953565394 | 1678299654573750001 |  1284620184607
FINAL | a6408d0f5192049.26593690 | Test 1532 | 1678298369944240128 | 1678299655212927040 |  1285268686912
FINAL | a6408d0fd8decb2.97408524 | Test 1539 | 1678298369978765440 | 1678299654158760762 |  1284179995322
FINAL | a6408d10913adb7.14124820 | Test 1550 | 1678298369988639506 | 1678299655819166929 |  1285830527423
FINAL | a6408d105a3c615.67357491 | Test 1546 | 1678298369981182417 | 1678299655849394824 |  1285868212407
FINAL | a6408cd0649eb51.51701138 | Test 1138 | 1678298365057349513 | 1678298751483617452 |  386426267939
FINAL | a6408d0ff1abdb8.34918938 | Test 1544 | 1678298369989865137 | 1678299654318145833 |  1284328280696
FINAL | a6408d103c1a056.52349929 | Test 1548 | 1678298370019990218 | 1678299656304981564 |  1286284991346
FINAL | a6408d0fbbf84e2.52628588 | Test 1538 | 1678298370035012648 | 1678299655651114377 |  1285616101729
FINAL | a6408d10ad65653.49012825 | Test 1555 | 1678298370032079453 | 1678299656987333021 |  1286955253568
FINAL | a6408d107e70047.50166213 | Test 1547 | 1678298370047093107 | 1678299655723101844 |  1285676008737
FINAL | a6408d105467383.43272335 | Test 1545 | 1678298370045132005 | 1678299656776860737 |  1286731728732
FINAL | a6408d109443d26.26388128 | Test 1552 | 1678298370063879048 | 1678299656940640338 |  1286876761290
FINAL | a6408d1095f6712.99816238 | Test 1551 | 1678298370070352960 | 1678299653923885678 |  1283853532718
FINAL | a6408d109e589a6.40432113 | Test 1554 | 1678298370087578396 | 1678299657094360146 |  1287006781750
FINAL | a6408cd04992278.25350656 | Test 1112 | 1678298370097852092 | 1678298738012720692 |  367914868600
FINAL | a6408cd06a09bb2.16170972 | Test 1132 | 1678298365056376676 | 1678298748558027420 |  383501650744
FINAL | a6408ccfd569c41.74578778 | Test 1104 | 1678298364671024663 | 1678298748144514734 |  383473490071
FINAL | a6408d10d7881e7.10136424 | Test 1553 | 1678298370103195513 | 1678299655853993798 |  1285750798285
FINAL | a6408cd0683b7d3.13787919 | Test 1124 | 1678298365065021184 | 1678298740179926966 |  375114905782
FINAL | a6408ccfdc0f2b2.83860095 | Test 1060 | 1678298365075005067 | 1678299128211814229 |  763136809162
FINAL | a6408cd0642ce99.66271796 | Test 1126 | 1678298365075636332 | 1678298741907054684 |  376831418352
FINAL | a6408cd07d05862.08416392 | Test 1148 | 1678298365088621788 | 1678298748572826521 |  383484204733
FINAL | a6408cd08900199.33401019 | Test 1155 | 1678298365092046988 | 1678298740642440769 |  375550393781
FINAL | a6408ccfdd6f045.98267069 | Test 1134 | 1678298365102964502 | 1678298746984043397 |  381881078895
FINAL | a6408cd059f5235.38667021 | Test 1136 | 1678298365100769322 | 1678298735275796378 |  370175027056
FINAL | a6408cd06788965.95920435 | Test 1118 | 1678298365126628785 | 1678298752595850083 |  387469221298
FINAL | a6408cd073ea228.97003997 | Test 1135 | 1678298365143060752 | 1678298742532102220 |  377389041468
FINAL | a6408cd065f2483.06273677 | Test 1121 | 1678298365132068257 | 1678298750657348499 |  385525280242
FINAL | a6408ccff73e906.98418572 | Test 1330 | 1678298364671628597 | 1678299145943839241 |  781272210644
FINAL | a6408cd070ee109.47979187 | Test 1147 | 1678298365162981598 | 1678298741263174706 |  376100193108
FINAL | a6408cd0648f7b3.34208123 | Test 1144 | 1678298365152594510 | 1678298743113004243 |  377960409733
FINAL | a6408cd05cc4254.35340616 | Test 1111 | 1678298365174984180 | 1678298744385804367 |  379210820187
FINAL | a6408cd05295c98.77234649 | Test 1106 | 1678298365179061835 | 1678298732739771587 |  367560709752
FINAL | a6408cd069fe957.68801502 | Test 1133 | 1678298365198768258 | 1678298755458837697 |  390260069439
FINAL | a6408cd06b0a986.43240046 | Test 1143 | 1678298365197872125 | 1678298749840558119 |  384642685994
FINAL | a6408cd06498984.63886508 | Test 1146 | 1678298365211853541 | 1678298746629955776 |  381418102235
FINAL | a6408cd07ed52c2.51258941 | Test 1141 | 1678298365221030058 | 1678298748930044059 |  383709014001
FINAL | a6408cd06dba7d5.95713242 | Test 1137 | 1678298365220093861 | 1678298743138535201 |  377918441340
FINAL | a6408cd07193e28.98606320 | Test 1128 | 1678298365227105984 | 1678298743916151713 |  378689045729
FINAL | a6408ccfd2c5763.05370523 | Test 1089 | 1678298364661448477 | 1678298733614808588 |  368953360111
FINAL | a6408cd077b2e67.90084417 | Test 1140 | 1678298365243569690 | 1678298749262131052 |  384018561362
FINAL | a6408ccfddfb996.34294496 | Test 1061 | 1678298365258397135 | 1678299108930972649 |  743672575514
FINAL | a6408ccfe06b860.99390107 | Test 1149 | 1678298365251245359 | 1678298754811702048 |  389560456689
FINAL | a6408cd074312e8.17867442 | Test 1130 | 1678298365262900989 | 1678298742059118552 |  376796217563
FINAL | a6408cd0989fff1.93062867 | Test 1176 | 1678298365283026910 | 1678298760453471992 |  395170445082
FINAL | a6408cd071b29e0.99768737 | Test 1131 | 1678298365291390461 | 1678298758906607287 |  393615216826
FINAL | a6408cd07d0b216.89620391 | Test 1152 | 1678298365304787420 | 1678298736853263289 |  371548475869
FINAL | a6408cd06260b68.55296186 | Test 1122 | 1678298365306984113 | 1678298761405361062 |  396098376949
FINAL | a6408ccfe0801c3.69728844 | Test 1145 | 1678298365335569915 | 1678298751553975110 |  386218405195
FINAL | a6408cd0b1cbbb2.99341755 | Test 1201 | 1678298365329056397 | 1678298764380044473 |  399050988076
FINAL | a6408ccfd827e30.63840736 | Test 1127 | 1678298364682978544 | 1678298731482998530 |  366800019986
FINAL | a6408cd091f35a2.79270164 | Test 1142 | 1678298365330141645 | 1678298742446787676 |  377116646031
FINAL | a6408cd087592b3.46723832 | Test 1150 | 1678298365347374495 | 1678298746453006550 |  381105632055
FINAL | a6408ccfe063fe4.11235472 | Test 1164 | 1678298365358998136 | 1678298756936353447 |  391577355311
FINAL | a6408cd08a0e319.51182318 | Test 1160 | 1678298365367473856 | 1678298760744230181 |  395376756325
FINAL | a6408cd0b2b3936.36341503 | Test 1162 | 1678298365384017773 | 1678298756851406664 |  391467388891
FINAL | a6408ccfe0694f2.49618490 | Test 1159 | 1678298365383556407 | 1678298757394695909 |  392011139502
FINAL | a6408cd093036c1.11843084 | Test 1156 | 1678298365402773993 | 1678298765398064306 |  399995290313
FINAL | a6408cd0a3cf789.16758818 | Test 1165 | 1678298365428733133 | 1678298753495450947 |  388066717814
FINAL | a6408cd09580962.03506400 | Test 1157 | 1678298365438534032 | 1678298764441139372 |  399002605340
FINAL | a6408cd0ae79886.11760843 | Test 1191 | 1678298365455150284 | 1678298757366956566 |  391911806282
FINAL | a6408ccfd4d0a92.32805759 | Test 1058 | 1678298364681274416 | 1678299576032835272 |  1211351560856
FINAL | a6408cd0a0ff481.26800580 | Test 1170 | 1678298365464148936 | 1678298759806917113 |  394342768177
FINAL | a6408cd0870dd88.75318227 | Test 1153 | 1678298365477364125 | 1678298753290709432 |  387813345307
FINAL | a6408cd09b8f2c1.90426099 | Test 1168 | 1678298365500889267 | 1678298738095975370 |  372595086103
FINAL | a6408ccfe118549.71772569 | Test 1220 | 1678298365507654938 | 1678299095627105693 |  730119450755
FINAL | a6408cd08f02d31.99989586 | Test 1151 | 1678298365517955955 | 1678298745281500221 |  379763544266
FINAL | a6408cd07a88cb8.22998745 | Test 1154 | 1678298365522579985 | 1678298750649146491 |  385126566506
FINAL | a6408cd0ba05171.15816223 | Test 1184 | 1678298365546375594 | 1678298755724743673 |  390178368079
FINAL | a6408cd0995ab47.69348360 | Test 1177 | 1678298365564263133 | 1678298767101049734 |  401536786601
FINAL | a6408cd0aee2435.85901199 | Test 1174 | 1678298365564172594 | 1678298745904679989 |  380340507395
FINAL | a6408cd0aa35f82.97063494 | Test 1161 | 1678298365566600361 | 1678298754799003710 |  389232403349
FINAL | a6408ccfd5603f5.82358588 | Test 1116 | 1678298364699563528 | 1678298743706326794 |  379006763266
