CALL | a64076bfb742850.77723852 | unit | ESINFOLAENDER | 200 | 1678207995715262588 
CALL | a64076bfb742850.77723852 | unit | ESLHSTART | 200 | 1678207995828739423 
CALL | a64076bfb742850.77723852 | unit | ESBSPMC-GIF | 200 | 1678207995916506985 
CALL | a64076bfb742850.77723852 | unit | ESBSPSA-GIF | 200 | 1678207996000606882 
CALL | a64076bfb742850.77723852 | unit | ESLBSPMM-DAD-GIF | 200 | 1678207996080176164 
CALL | a64076bfb742850.77723852 | unit | ESBSPCMC-GIF | 200 | 1678207996158798438 
CALL | a64076bfb742850.77723852 | unit | ESHAUDIOERKLAERUNG | 200 | 1678207996252836934 
CALL | a64076bfb742850.77723852 | unit | ESHINST | 200 | 1678207996330660076 
CALL | a64076bfb742850.77723852 | unit | EL614 | 200 | 1678207996408926092 
CALL | a64076bfb742850.77723852 | unit | EL643 | 200 | 1678207996487018684 
CALL | a64076bfb742850.77723852 | unit | EL602 | 200 | 1678207996563908996 
CALL | a64076bfb742850.77723852 | unit | EL595 | 200 | 1678207996644555770 
CALL | a64076bfb742850.77723852 | unit | EL596 | 200 | 1678207996723443213 
CALL | a64076bfb742850.77723852 | unit | ESLINST-GIF | 200 | 1678207996820895575 
CALL | a64076bfb742850.77723852 | unit | ER554 | 200 | 1678207996909359633 
CALL | a64076bfb742850.77723852 | unit | ER543 | 200 | 1678207997017919268 
CALL | a64076bfb742850.77723852 | unit | ER533 | 200 | 1678207997098386737 
CALL | a64076bfb742850.77723852 | unit | ESHWART | 200 | 1678207997181520850 
CALL | a64076bfb742850.77723852 | unit | EL619 | 200 | 1678207997269954864 
CALL | a64076bfb742850.77723852 | unit | EL617 | 200 | 1678207997350987494 
CALL | a64076bfb742850.77723852 | unit | EL615 | 200 | 1678207997436489181 
CALL | a64076bfb742850.77723852 | unit | EL612 | 200 | 1678207997521217908 
CALL | a64076bfb742850.77723852 | unit | ESHAUDIOENDE | 200 | 1678207997603389676 
CALL | a64076bfb742850.77723852 | unit | ESLWART | 200 | 1678207997680375598 
CALL | a64076bfb742850.77723852 | unit | ER547 | 200 | 1678207997758386927 
CALL | a64076bfb742850.77723852 | unit | ER512 | 200 | 1678207997865141180 
CALL | a64076bfb742850.77723852 | unit | ER552 | 200 | 1678207997945969797 
CALL | a64076bfb742850.77723852 | unit | ER542 | 200 | 1678207998024651012 
CALL | a64076bfb742850.77723852 | unit | ESHLENDE | 200 | 1678207998103482448 
CALL | a64076bfb742850.77723852 | player | IQB-PLAYER-ASPECT-1.15 | 200 | 1678207998184210595 
CALL | a64076bfb742850.77723852 | resource | ESinfoLaender.voud | 200 | 1678207998341503023 
CALL | a64076bfb742850.77723852 | resource | ESLHstart.voud | 200 | 1678207998448838429 
CALL | a64076bfb742850.77723852 | resource | ESbspMC-Gif.voud | 200 | 1678207998538347049 
CALL | a64076bfb742850.77723852 | resource | ESbspSA-Gif.voud | 200 | 1678207998614416823 
CALL | a64076bfb742850.77723852 | resource | ESLbspMM-DaD-Gif.voud | 200 | 1678207998690977986 
CALL | a64076bfb742850.77723852 | resource | ESbspCMC-Gif.voud | 200 | 1678207998827932977 
CALL | a64076bfb742850.77723852 | resource | ESHaudioerklaerung.voud | 200 | 1678207998909437342 
CALL | a64076bfb742850.77723852 | resource | ESHinst.voud | 200 | 1678207999019310381 
CALL | a64076bfb742850.77723852 | resource | EL614.voud | 200 | 1678207999134848925 
CALL | a64076bfb742850.77723852 | resource | EL643.voud | 200 | 1678207999271414845 
CALL | a64076bfb742850.77723852 | resource | EL602.voud | 200 | 1678207999398584665 
CALL | a64076bfb742850.77723852 | resource | EL595.voud | 200 | 1678207999532471857 
CALL | a64076bfb742850.77723852 | resource | EL596.voud | 200 | 1678207999659754808 
CALL | a64076bfb742850.77723852 | resource | ESLinst-Gif.voud | 200 | 1678207999746757424 
CALL | a64076bfb742850.77723852 | resource | ER554.voud | 200 | 1678207999860269967 
CALL | a64076bfb742850.77723852 | resource | ER543.voud | 200 | 1678207999980305634 
CALL | a64076bfb742850.77723852 | resource | ER533.voud | 200 | 1678208000063037834 
CALL | a64076bfb742850.77723852 | resource | ESHwart.voud | 200 | 1678208000186563582 
CALL | a64076bfb742850.77723852 | resource | EL619.voud | 200 | 1678208000266355553 
CALL | a64076bfb742850.77723852 | resource | EL617.voud | 200 | 1678208000366533422 
CALL | a64076bfb742850.77723852 | resource | EL615.voud | 200 | 1678208000538438893 
CALL | a64076bfb742850.77723852 | resource | EL612.voud | 200 | 1678208000639297761 
CALL | a64076bfb742850.77723852 | resource | ESHaudioende.voud | 200 | 1678208000772162282 
CALL | a64076bfb742850.77723852 | resource | ESLwart.voud | 200 | 1678208000900094543 
CALL | a64076bfb742850.77723852 | resource | ER547.voud | 200 | 1678208000996263567 
CALL | a64076bfb742850.77723852 | resource | ER512.voud | 200 | 1678208001072990013 
CALL | a64076bfb742850.77723852 | resource | ER552.voud | 200 | 1678208001149979612 
CALL | a64076bfb742850.77723852 | resource | ER542.voud | 200 | 1678208001228910385 
CALL | a64076bfb742850.77723852 | resource | ESHLende.voud | 200 | 1678208001304686315 
CALL | a64076bfb6e1487.46680272 | unit | ESINFOLAENDER | 200 | 1678207995802518130 
CALL | a64076bfb6e1487.46680272 | unit | ESLHSTART | 200 | 1678207995896785713 
CALL | a64076bfb6e1487.46680272 | unit | ESBSPMC-GIF | 200 | 1678207995985533496 
CALL | a64076bfb6e1487.46680272 | unit | ESBSPSA-GIF | 200 | 1678207996070767794 
CALL | a64076bfb6e1487.46680272 | unit | ESLBSPMM-DAD-GIF | 200 | 1678207996156998700 
CALL | a64076bfb6e1487.46680272 | unit | ESBSPCMC-GIF | 200 | 1678207996251062674 
CALL | a64076bfb6e1487.46680272 | unit | ESHAUDIOERKLAERUNG | 200 | 1678207996328340522 
CALL | a64076bfb6e1487.46680272 | unit | ESHINST | 200 | 1678207996406496341 
CALL | a64076bfb6e1487.46680272 | unit | EL614 | 200 | 1678207996487077354 
CALL | a64076bfb6e1487.46680272 | unit | EL643 | 200 | 1678207996566377379 
CALL | a64076bfb6e1487.46680272 | unit | EL602 | 200 | 1678207996644280473 
CALL | a64076bfb6e1487.46680272 | unit | EL595 | 200 | 1678207996739467134 
CALL | a64076bfb6e1487.46680272 | unit | EL596 | 200 | 1678207996853848956 
CALL | a64076bfb6e1487.46680272 | unit | ESLINST-GIF | 200 | 1678207996989064020 
CALL | a64076bfb6e1487.46680272 | unit | ER554 | 200 | 1678207997074791283 
CALL | a64076bfb6e1487.46680272 | unit | ER543 | 200 | 1678207997154980307 
CALL | a64076bfb6e1487.46680272 | unit | ER533 | 200 | 1678207997247239993 
CALL | a64076bfb6e1487.46680272 | unit | ESHWART | 200 | 1678207997332255990 
CALL | a64076bfb6e1487.46680272 | unit | EL619 | 200 | 1678207997410003561 
CALL | a64076bfb6e1487.46680272 | unit | EL617 | 200 | 1678207997488997593 
CALL | a64076bfb6e1487.46680272 | unit | EL615 | 200 | 1678207997580281466 
CALL | a64076bfb6e1487.46680272 | unit | EL612 | 200 | 1678207997659338766 
CALL | a64076bfb6e1487.46680272 | unit | ESHAUDIOENDE | 200 | 1678207997738449559 
CALL | a64076bfb6e1487.46680272 | unit | ESLWART | 200 | 1678207997838376016 
CALL | a64076bfb6e1487.46680272 | unit | ER547 | 200 | 1678207997919665947 
CALL | a64076bfb6e1487.46680272 | unit | ER512 | 200 | 1678207998000453558 
CALL | a64076bfb6e1487.46680272 | unit | ER552 | 200 | 1678207998078903517 
CALL | a64076bfb6e1487.46680272 | unit | ER542 | 200 | 1678207998159490319 
CALL | a64076bfb6e1487.46680272 | unit | ESHLENDE | 200 | 1678207998269945694 
CALL | a64076bfb6e1487.46680272 | player | IQB-PLAYER-ASPECT-1.15 | 200 | 1678207998416666263 
CALL | a64076bfb6e1487.46680272 | resource | ESinfoLaender.voud | 200 | 1678207998517572049 
CALL | a64076bfb6e1487.46680272 | resource | ESLHstart.voud | 200 | 1678207998594716331 
CALL | a64076bfb6e1487.46680272 | resource | ESbspMC-Gif.voud | 200 | 1678207998673022871 
CALL | a64076bfb6e1487.46680272 | resource | ESbspSA-Gif.voud | 200 | 1678207998750739445 
CALL | a64076bfb6e1487.46680272 | resource | ESLbspMM-DaD-Gif.voud | 200 | 1678207998865470174 
CALL | a64076bfb6e1487.46680272 | resource | ESbspCMC-Gif.voud | 200 | 1678207998988152169 
CALL | a64076bfb6e1487.46680272 | resource | ESHaudioerklaerung.voud | 200 | 1678207999112184471 
CALL | a64076bfb6e1487.46680272 | resource | ESHinst.voud | 200 | 1678207999210808842 
CALL | a64076bfb6e1487.46680272 | resource | EL614.voud | 200 | 1678207999307313296 
CALL | a64076bfb6e1487.46680272 | resource | EL643.voud | 200 | 1678207999455253507 
CALL | a64076bfb6e1487.46680272 | resource | EL602.voud | 200 | 1678207999562749384 
CALL | a64076bfb6e1487.46680272 | resource | EL595.voud | 200 | 1678207999663036709 
CALL | a64076bfb6e1487.46680272 | resource | EL596.voud | 200 | 1678207999792037195 
CALL | a64076bfb6e1487.46680272 | resource | ESLinst-Gif.voud | 200 | 1678207999911014407 
CALL | a64076bfb6e1487.46680272 | resource | ER554.voud | 200 | 1678208000028636744 
CALL | a64076bfb6e1487.46680272 | resource | ER543.voud | 200 | 1678208000130215503 
CALL | a64076bfb6e1487.46680272 | resource | ER533.voud | 200 | 1678208000230423749 
CALL | a64076bfb6e1487.46680272 | resource | ESHwart.voud | 200 | 1678208000340932032 
CALL | a64076bfb6e1487.46680272 | resource | EL619.voud | 200 | 1678208000424354326 
CALL | a64076bfb6e1487.46680272 | resource | EL617.voud | 200 | 1678208000556730531 
CALL | a64076bfb6e1487.46680272 | resource | EL615.voud | 200 | 1678208000693756445 
CALL | a64076bfb6e1487.46680272 | resource | EL612.voud | 200 | 1678208000866855034 
CALL | a64076bfb6e1487.46680272 | resource | ESHaudioende.voud | 200 | 1678208000966754581 
CALL | a64076bfb6e1487.46680272 | resource | ESLwart.voud | 200 | 1678208001043713974 
CALL | a64076bfb6e1487.46680272 | resource | ER547.voud | 200 | 1678208001121797156 
CALL | a64076bfb6e1487.46680272 | resource | ER512.voud | 200 | 1678208001194033602 
CALL | a64076bfb6e1487.46680272 | resource | ER552.voud | 200 | 1678208001269274298 
CALL | a64076bfb6e1487.46680272 | resource | ER542.voud | 200 | 1678208001349519088 
CALL | a64076bfb6e1487.46680272 | resource | ESHLende.voud | 200 | 1678208001426644652 
