FINAL | a6408b8715a4a20.21574090 | Test 478 | 1678293089794279459 | 1678293475517759748 |  385723480289
FINAL | a6408b86eda33a2.49779442 | Test 469 | 1678293089826867916 | 1678293480921358754 |  391094490838
FINAL | a6408b862945099.32080644 | Test 542 | 1678293089827419500 | 1678293856743018029 |  766915598529
FINAL | a6408b862767936.02355987 | Test 343 | 1678293089827098348 | 1678293844645174294 |  754818075946
FINAL | a6408b862847674.14822553 | Test 528 | 1678293089825514645 | 1678293850309133585 |  760483618940
FINAL | a6408b86e023ab5.88774898 | Test 436 | 1678293089842427594 | 1678293479437413827 |  389594986233
FINAL | a6408b86f6ae4a5.41534422 | Test 460 | 1678293089863909280 | 1678293492768135498 |  402904226218
FINAL | a6408b8627cf029.17740342 | Test 522 | 1678293089878429237 | 1678293839776001177 |  749897571940
FINAL | a6408b86fd29814.33302248 | Test 455 | 1678293089873175905 | 1678293479331885456 |  389458709551
FINAL | a6408b87135a493.29198080 | Test 477 | 1678293089891130520 | 1678293481149703478 |  391258572958
FINAL | a6408b871465b54.38570187 | Test 480 | 1678293089894204591 | 1678293479136965298 |  389242760707
FINAL | a6408b862bf4fa9.31615091 | Test 547 | 1678293089903067309 | 1678293847497229706 |  757594162397
FINAL | a6408b870c60587.82155640 | Test 464 | 1678293089909431234 | 1678293477965221773 |  388055790539
FINAL | a6408b8732ced70.45553383 | Test 496 | 1678293089926965641 | 1678293496094332484 |  406167366843
FINAL | a6408b8727eda29.72806807 | Test 487 | 1678293089934554217 | 1678293489661598092 |  399727043875
FINAL | a6408b87189b9f5.96325056 | Test 481 | 1678293089944753724 | 1678293478387427407 |  388442673683
FINAL | a6408b8723e04b2.89320891 | Test 479 | 1678293089956875709 | 1678293478352783693 |  388395907984
FINAL | a6408b870e62651.43940944 | Test 473 | 1678293089966915947 | 1678293477453402923 |  387486486976
FINAL | a6408b8715566a0.48312671 | Test 485 | 1678293089983515668 | 1678293477829742778 |  387846227110
FINAL | a6408b8715a5e12.97962469 | Test 472 | 1678293089986551887 | 1678293476961929699 |  386975377812
FINAL | a6408b8724a9131.98605686 | Test 486 | 1678293090006213246 | 1678293474772683864 |  384766470618
FINAL | a6408b87299a700.10900323 | Test 494 | 1678293090007460047 | 1678293487252463426 |  397245003379
FINAL | a6408b87134cad2.63412693 | Test 488 | 1678293090028528247 | 1678293474120614755 |  384092086508
FINAL | a6408b9d5b55d48.01670318 | Test 497 | 1678293090039757426 | 1678294312360350321 |  1222320592895
FINAL | a6408b9d4bea771.95142388 | Test 498 | 1678293090047107053 | 1678293830118523421 |  740071416368
FINAL | a6408b870e52f82.47114238 | Test 483 | 1678293090053516385 | 1678293457363131405 |  367309615020
FINAL | a6408b8724dea84.50828954 | Test 482 | 1678293090073074450 | 1678293492663053056 |  402589978606
FINAL | a6408b68edd9914.65888108 | Test  | 1678292621989639853 |  |  -1678292621989639853
FINAL | a6408b872bb8f03.77699766 | Test 484 | 1678293090082143905 | 1678293484956424386 |  394874280481
FINAL | a6408b870a8c224.76889866 | Test 474 | 1678293090061870658 | 1678293474649784424 |  384587913766
FINAL | a6408b87019aa23.82424896 | Test 458 | 1678293090083211709 | 1678293470826006917 |  380742795208
FINAL | a6408b9dab3c749.23213327 | Test 499 | 1678293090108112354 | 1678293820143033304 |  730034920950
FINAL | a6408b8714c4347.65871013 | Test 475 | 1678293090097642349 | 1678293492058454797 |  401960812448
FINAL | a6408b9dc5cd980.71671710 | Test 503 | 1678293090121848651 | 1678294294691916821 |  1204570068170
FINAL | a6408b9dae31dd5.88419926 | Test 500 | 1678293090143116976 | 1678293847484085281 |  757340968305
FINAL | a6408b9dbd74843.05427334 | Test 506 | 1678293090123060926 | 1678293827960539317 |  737837478391
FINAL | a6408b9dc34d337.01054282 | Test 504 | 1678293090156776618 | 1678293833930484383 |  743773707765
FINAL | a6408b9e011ca22.32408756 | Test 507 | 1678293090166152128 | 1678293839512362738 |  749346210610
FINAL | a6408b9dc0a1167.82430699 | Test 501 | 1678293090165342067 | 1678293852495139042 |  762329796975
FINAL | a6408b9dd7e33d4.78034770 | Test 505 | 1678293090169158872 | 1678293843122452781 |  752953293909
FINAL | a6408b9e0414f58.91792720 | Test 514 | 1678293090189225461 | 1678293841472496942 |  751283271481
FINAL | a6408b9dbebc161.55706739 | Test 502 | 1678293090193852307 | 1678293843385372693 |  753191520386
FINAL | a6408b9df621819.37981584 | Test 510 | 1678293090210161282 | 1678293854624157419 |  764413996137
FINAL | a6408b9e10f2968.65340743 | Test 521 | 1678293090226287405 | 1678293843242160039 |  753015872634
FINAL | a6408b9df41d6f5.32318183 | Test 509 | 1678293090219840231 | 1678293841609541426 |  751389701195
FINAL | a6408b9e49b4ab0.62953644 | Test 525 | 1678293090219143184 | 1678293836919512613 |  746700369429
FINAL | a6408b9e17cb034.67813120 | Test 508 | 1678293090261113762 | 1678294321508096306 |  1231246982544
FINAL | a6408b9e5535949.92525606 | Test 534 | 1678293090259664912 | 1678293844431091372 |  754171426460
FINAL | a6408b9e1083b40.62120338 | Test 517 | 1678293090242916381 | 1678293853748959075 |  763506042694
FINAL | a6408b9e17b59c5.52462570 | Test 515 | 1678293090263683635 | 1678293839893100319 |  749629416684
FINAL | a6408b9e3693846.05824398 | Test 518 | 1678293090282954632 | 1678293859804345372 |  769521390740
FINAL | a6408b9e27d1655.47505344 | Test 519 | 1678293090292369517 | 1678293847326208039 |  757033838522
FINAL | a6408b9e23bebe5.30056165 | Test 512 | 1678293090296416444 | 1678293843856435693 |  753560019249
FINAL | a6408b9e41438d8.90372337 | Test 527 | 1678293090315823334 | 1678293843855705321 |  753539881987
FINAL | a6408b862ec1de6.46493086 | Test 559 | 1678293090303302940 | 1678294320962367740 |  1230659064800
FINAL | a6408b9e29956e1.27536128 | Test 516 | 1678293090332773333 | 1678293814438226773 |  724105453440
FINAL | a6408b8632911a0.89381163 | Test 344 | 1678293090340596468 | 1678294232648871946 |  1142308275478
FINAL | a6408b9e3eb6044.41981749 | Test 524 | 1678293090343830129 | 1678293821967457489 |  731623627360
FINAL | a6408b9e48e3882.92351539 | Test 523 | 1678293090367303093 | 1678293832966572432 |  742599269339
FINAL | a6408b8632c5512.07670551 | Test 576 | 1678293090372753615 | 1678294319990654505 |  1229617900890
FINAL | a6408b9e4e0af57.79851003 | Test 531 | 1678293090367989812 | 1678293835194927067 |  744826937255
FINAL | a6408b9e5814096.15860818 | Test 537 | 1678293090376189565 | 1678294316044206190 |  1225668016625
FINAL | a6408b9e4e39716.40870641 | Test 530 | 1678293090397399450 | 1678293845212397690 |  754814998240
FINAL | a6408b9e6358087.72743662 | Test 532 | 1678293090412672211 | 1678293844054127345 |  753641455134
FINAL | a6408b9e68f6020.09995415 | Test 541 | 1678293090424111034 | 1678293842451275712 |  752027164678
FINAL | a6408b9e4e271e3.67413882 | Test 536 | 1678293090424908711 | 1678294313962082162 |  1223537173451
FINAL | a6408b9e5b15c40.02726633 | Test 543 | 1678293090450671454 | 1678293858655222249 |  768204550795
FINAL | a6408b9e572d178.86226550 | Test 529 | 1678293090452233396 | 1678293854326861558 |  763874628162
FINAL | a6408b863411bd6.05580054 | Test 600 | 1678293090476349427 | 1678294326250306285 |  1235773956858
FINAL | a6408b9e708e180.08039146 | Test 539 | 1678293090476279305 | 1678294308805134166 |  1218328854861
FINAL | a6408b9e80df523.52935365 | Test 544 | 1678293090492392994 | 1678293853773750974 |  763281357980
FINAL | a6408b8633b3278.15900354 | Test 571 | 1678293090502695034 | 1678294324117954659 |  1233615259625
FINAL | a6408b9e6f0f1d9.46548156 | Test 533 | 1678293090506293479 | 1678293854632722248 |  764126428769
FINAL | a6408b9e6bf2480.17593042 | Test 535 | 1678293090518570907 | 1678293853783720760 |  763265149853
FINAL | a6408b9e6d09cd2.49928678 | Test 540 | 1678293090533367754 | 1678293845267500721 |  754734132967
FINAL | a6408b9e7f03892.11131340 | Test 549 | 1678293090562756072 | 1678293841011070261 |  750448314189
FINAL | a6408b8636809b6.66751029 | Test 345 | 1678293090535233246 | 1678294244704549966 |  1154169316720
FINAL | a6408b9e63e20e8.80529489 | Test 538 | 1678293090535850975 | 1678293847816022382 |  757280171407
FINAL | a6408b9e8cb71f1.68493254 | Test 548 | 1678293090578203219 | 1678293852563943112 |  761985739893
FINAL | a6408b9e8560015.66436214 | Test 545 | 1678293090591244371 | 1678293861465073804 |  770873829433
FINAL | a6408b9e98862a5.28414101 | Test 551 | 1678293090592633037 | 1678293867197428519 |  776604795482
FINAL | a6408b9e9d4c058.67961216 | Test 553 | 1678293090605228382 | 1678293856138012398 |  765532784016
FINAL | a6408b8635df064.97759498 | Test 346 | 1678293090610490329 | 1678294228964658336 |  1138354168007
FINAL | a6408b86331b652.22331366 | Test 566 | 1678293090616669690 | 1678294317292786027 |  1226676116337
FINAL | a6408b9e97fd368.42691810 | Test 555 | 1678293090654697907 | 1678293866374084216 |  775719386309
FINAL | a6408b9e967ec38.62970040 | Test 550 | 1678293090652101373 | 1678293848683938256 |  758031836883
FINAL | a6408b9e9324252.80868087 | Test 546 | 1678293090670776671 | 1678293851051873175 |  760381096504
FINAL | a6408b9eaa92db3.93314537 | Test 558 | 1678293090676105614 | 1678293847618804690 |  756942699076
FINAL | a6408b9e9bdcff8.87086619 | Test 554 | 1678293090663865868 | 1678294295059926839 |  1204396060971
FINAL | a6408b9eaeb6314.58549447 | Test 560 | 1678293090679457608 | 1678293855760393131 |  765080935523
FINAL | a6408b9ea960427.84278775 | Test 569 | 1678293090695839720 | 1678293847937471990 |  757241632270
FINAL | a6408b9ea55b1b7.05495126 | Test 552 | 1678293090679672841 | 1678293853264596276 |  762584923435
FINAL | a6408b9e94079a9.71971035 | Test 561 | 1678293090691014863 | 1678293860520002823 |  769828987960
FINAL | a6408b9eac42042.26036954 | Test 556 | 1678293090714811033 | 1678293852414255164 |  761699444131
FINAL | a6408b9eb65a375.04490958 | Test 564 | 1678293090729791185 | 1678294287667033710 |  1196937242525
FINAL | a6408b9eb6a91e9.25846344 | Test 565 | 1678293090743453231 | 1678293856157366349 |  765413913118
FINAL | a6408b9ec62da99.92068865 | Test 568 | 1678293090730621463 | 1678294336194629656 |  1245464008193
FINAL | a6408b9eadcac33.62773158 | Test 562 | 1678293090761181661 | 1678293854765394392 |  764004212731
FINAL | a6408b9ec86ee54.23090697 | Test 572 | 1678293090763263830 | 1678294323437004924 |  1232673741094
FINAL | a6408b9ed83aef0.55365818 | Test 579 | 1678293090766205222 | 1678293865068308501 |  774302103279
FINAL | a6408b9ebbbe510.43968259 | Test 567 | 1678293090789158680 | 1678293856678971169 |  765889812489
FINAL | a6408b9eca5ea62.64764326 | Test 575 | 1678293090817763038 | 1678293859160627989 |  768342864951
FINAL | a6408b86356dda3.65108566 | Test 570 | 1678293090817197716 | 1678293845096928118 |  754279730402
FINAL | a6408b9ea71db95.94363472 | Test 557 | 1678293090822334870 | 1678293858455215090 |  767632880220
FINAL | a6408b9ec307499.71528483 | Test 573 | 1678293090827709800 | 1678293851088716849 |  760261007049
FINAL | a6408b9ee5b88f5.42904953 | Test 589 | 1678293090831167801 | 1678293849722913698 |  758891745897
FINAL | a6408b9ed82e857.72951203 | Test 580 | 1678293090830363060 | 1678293856516804316 |  765686441256
FINAL | a6408b9ee5d97a0.10135659 | Test 583 | 1678293090855431790 | 1678293850399358137 |  759543926347
FINAL | a6408b9ec457158.33424327 | Test 563 | 1678293090865556015 | 1678293842680326782 |  751814770767
FINAL | a6408b9ec5e5662.52084889 | Test 574 | 1678293090886666024 | 1678293852120933935 |  761234267911
FINAL | a6408b9ee9ed177.44979922 | Test 591 | 1678293090884828094 | 1678293862968891620 |  772084063526
FINAL | a6408b9ed583d91.66554554 | Test 577 | 1678293090889062552 | 1678293866589541357 |  775700478805
FINAL | a6408b863cb45e8.65688737 | Test 347 | 1678293090912722107 | 1678293457721244193 |  366808522086
FINAL | a6408b9eda93d01.92789584 | Test 585 | 1678293090918155457 | 1678293852536043197 |  761617887740
FINAL | a6408b9eea21017.91232570 | Test 605 | 1678293090930734030 | 1678294308065632045 |  1217134898015
FINAL | a6408b9edb132b9.63958819 | Test 590 | 1678293090932703086 | 1678293862876692131 |  771943989045
FINAL | a6408b9ee0937a1.91979294 | Test 578 | 1678293090941246873 | 1678293853708684860 |  762767437987
FINAL | a6408b9f00c4140.02849134 | Test 595 | 1678293090953719367 | 1678294327528959495 |  1236575240128
FINAL | a6408b9eed8f6a3.12304664 | Test 587 | 1678293090944536149 | 1678293866239175982 |  775294639833
FINAL | a6408b9f041fd30.75913860 | Test 594 | 1678293090956570149 | 1678293849507326512 |  758550756363
FINAL | a6408b863cc26f4.14990457 | Test 348 | 1678293090988953059 | 1678294375580254968 |  1284591301909
FINAL | a6408b9eea204f0.13594633 | Test 593 | 1678293090996201977 | 1678293852841690106 |  761845488129
FINAL | a6408b9ee611b71.28147966 | Test 598 | 1678293090987008729 | 1678293876868201254 |  785881192525
FINAL | a6408b9edbcc7f0.42155979 | Test 586 | 1678293090988086342 | 1678293855103196755 |  764115110413
FINAL | a6408b9ef07cf65.59515309 | Test 592 | 1678293090990408261 | 1678293861528435219 |  770538026958
FINAL | a6408b9eeb54991.37618698 | Test 581 | 1678293091029549087 | 1678293871992701690 |  780963152603
FINAL | a6408b9ef70a423.61105608 | Test 582 | 1678293091044261766 | 1678294295999137820 |  1204954876054
FINAL | a6408b9f044d4a9.54577803 | Test 602 | 1678293091063581133 | 1678293856786733564 |  765723152431
FINAL | a6408b9f1b7b577.83647182 | Test 615 | 1678293091054984905 | 1678293866235976306 |  775180991401
FINAL | a6408b9efd27760.12312406 | Test 607 | 1678293091067566344 | 1678293852096439553 |  761028873209
FINAL | a6408b9eee611e5.78942012 | Test 606 | 1678293091072635750 | 1678293857319747521 |  766247111771
FINAL | a6408b9ef5e50d6.51480089 | Test 584 | 1678293091083214058 | 1678293856740758728 |  765657544670
FINAL | a6408b9f00e6214.57523323 | Test 597 | 1678293091085978407 | 1678293858157868273 |  767071889866
FINAL | a6408b9f0649b45.49719474 | Test 603 | 1678293091093541545 | 1678294330973034602 |  1239879493057
FINAL | a6408b9ef216212.21496395 | Test 604 | 1678293091117976234 | 1678293858980823846 |  767862847612
FINAL | a6408b9f2398576.74478337 | Test 618 | 1678293091116085304 | 1678294308193654131 |  1217077568827
FINAL | a6408b863a0bd97.01236181 | Test 653 | 1678293091142373573 | 1678294071803533966 |  980661160393
FINAL | a6408b9f0e5af11.91047145 | Test 611 | 1678293091144233335 | 1678293883800128837 |  792655895502
FINAL | a6408b8642e01b7.95544244 | Test 349 | 1678293091158662142 | 1678293449116527033 |  357957864891
FINAL | a6408b863d6a0c6.31734446 | Test 681 | 1678293091168466205 | 1678294224780745767 |  1133612279562
FINAL | a6408b9efc90657.04558832 | Test 588 | 1678293091170752738 | 1678293854795483708 |  763624730970
FINAL | a6408b9f0d4d7c8.06649128 | Test 613 | 1678293091172100387 | 1678294306208690746 |  1215036590359
FINAL | a6408b9f0bd4713.05457786 | Test 612 | 1678293091192617654 | 1678293869208804326 |  778016186672
FINAL | a6408b9f21ced40.12807658 | Test 614 | 1678293091203076587 | 1678293870252798689 |  779049722102
FINAL | a6408b9f11b83d8.71693304 | Test 596 | 1678293091210312220 | 1678293846888165866 |  755677853646
FINAL | a6408b864441ed0.50228430 | Test 694 | 1678293091216928950 | 1678294233439284088 |  1142222355138
FINAL | a6408b864282931.02196548 | Test 693 | 1678293091235032575 | 1678294228396404645 |  1137161372070
FINAL | a6408b9f0f2e5e2.99059120 | Test 608 | 1678293091250793373 | 1678293858697853988 |  767447060615
FINAL | a6408b9f18127a8.29412483 | Test 599 | 1678293091268005392 | 1678293852663355041 |  761395349649
FINAL | a6408b9f5ccf001.88850099 | Test 625 | 1678293091267265393 | 1678293875738592995 |  784471327602
FINAL | a6408b864312f80.65813694 | Test 704 | 1678293091277611736 | 1678294227216555141 |  1135938943405
FINAL | a6408b9f12d5b58.87898484 | Test 601 | 1678293091271791901 | 1678293874550303867 |  783278511966
FINAL | a6408b9f25fe129.94715493 | Test 610 | 1678293091292093472 | 1678293881356398974 |  790064305502
FINAL | a6408b9f5103039.89462736 | Test 617 | 1678293091317469578 | 1678294297800826096 |  1206483356518
FINAL | a6408b9f4718f85.01374235 | Test 622 | 1678293091298539551 | 1678293872923914448 |  781625374897
FINAL | a6408b86419dcf1.66033838 | Test 350 | 1678293091329688285 | 1678293454772362943 |  363442674658
FINAL | a6408b9f66cebc7.32295260 | Test 623 | 1678293091328900677 | 1678293873253806780 |  781924906103
FINAL | a6408b9f394a007.39803033 | Test 624 | 1678293091343073392 | 1678293861577920603 |  770234847211
FINAL | a6408b9f34bfa88.79480796 | Test 616 | 1678293091356270326 | 1678293853486789032 |  762130518706
FINAL | a6408b9f581c2c3.63625687 | Test 626 | 1678293091378872154 | 1678293879536300399 |  788157428245
FINAL | a6408b9f56ad614.06282432 | Test 619 | 1678293091384730683 | 1678293871453500829 |  780068770146
FINAL | a6408b9f4105b63.98662225 | Test 620 | 1678293091392604523 | 1678293864361132621 |  772968528098
FINAL | a6408b9f514e2b1.84749396 | Test 627 | 1678293091413689294 | 1678293859957162805 |  768543473511
FINAL | a6408b8643ec438.83811265 | Test 696 | 1678293091426712652 | 1678294324489962212 |  1233063249560
FINAL | a6408b9f8479a69.47397575 | Test 632 | 1678293091448351333 | 1678293846086599194 |  754638247861
FINAL | a6408b9f8116a55.58388922 | Test 629 | 1678293091452686451 | 1678293869427972274 |  777975285823
FINAL | a6408b9f9039a06.14908751 | Test 631 | 1678293091455498379 | 1678293865808271298 |  774352772919
FINAL | a6408ba013c2f92.56921633 | Test 637 | 1678293091464517881 | 1678293872829404111 |  781364886230
FINAL | a6408b9fa226cc5.23953886 | Test 628 | 1678293091469707644 | 1678293867772334818 |  776302627174
FINAL | a6408b9fa8d48a7.64252664 | Test 630 | 1678293091482336521 | 1678293873904116047 |  782421779526
FINAL | a6408b9fa5c4c46.39693325 | Test 633 | 1678293091490985135 | 1678294341654701383 |  1250163716248
FINAL | a6408b9fe44b321.72163831 | Test 635 | 1678293091510034135 | 1678293870569887126 |  779059852991
FINAL | a6408b9fdaf1aa4.03381356 | Test 634 | 1678293091519374668 | 1678293868289429642 |  776770054974
FINAL | a6408ba0020c051.82782819 | Test 640 | 1678293091523015034 | 1678294337867269389 |  1246344254355
FINAL | a6408ba0ad52fa8.53435791 | Test 642 | 1678293091547412252 | 1678294340229300203 |  1248681887951
FINAL | a6408ba06e573e4.97539741 | Test 641 | 1678293091562150339 | 1678293886774250976 |  795212100637
FINAL | a6408b9febf4a97.58249251 | Test 636 | 1678293091573270484 | 1678294327777358056 |  1236204087572
FINAL | a6408ba02d70a29.69344007 | Test 639 | 1678293091597652385 | 1678293878181524237 |  786583871852
FINAL | a6408ba024525f1.08637066 | Test 638 | 1678293091603204888 | 1678294341148437923 |  1249545233035
FINAL | a6408bab41ab7b7.80594010 | Test 646 | 1678293091611511461 | 1678294074531049498 |  982919538037
FINAL | a6408babe8f6811.27860239 | Test 648 | 1678293091611318038 | 1678294069675114492 |  978063796454
FINAL | a6408baa34f28b7.58265581 | Test 643 | 1678293091619546805 | 1678294040658254802 |  949038707997
FINAL | a6408babd758178.74496725 | Test 647 | 1678293091618714863 | 1678294380792674498 |  1289173959635
FINAL | a6408baa733d481.74762808 | Test 644 | 1678293091644710182 | 1678294379134808138 |  1287490097956
FINAL | a6408bac8d5c252.19849190 | Test 651 | 1678293091645436435 | 1678294065683615126 |  974038178691
FINAL | a6408baa9f3a543.30637124 | Test 645 | 1678293091641361757 | 1678294380406429388 |  1288765067631
FINAL | a6408bac6cbbd24.63586226 | Test 650 | 1678293091660764850 | 1678294057260244606 |  965599479756
FINAL | a6408bac4db98c0.43705774 | Test 649 | 1678293091662955423 | 1678294056419860026 |  964756904603
FINAL | a6408bacd0ed8a3.93180531 | Test 652 | 1678293091680987773 | 1678294079792340861 |  988111353088
FINAL | a6408bacfaaeb33.22169550 | Test 655 | 1678293091692988672 | 1678294095689883409 |  1003996894737
FINAL | a6408b8646720a0.21435687 | Test 719 | 1678293091696606092 | 1678294252943867085 |  1161247260993
FINAL | a6408bad0495146.06728501 | Test 654 | 1678293091703195572 | 1678294096946429138 |  1005243233566
FINAL | a6408bad42f1362.95082044 | Test 657 | 1678293091720986410 | 1678294103724577153 |  1012003590743
FINAL | a6408bad6c57487.36416735 | Test 660 | 1678293091736875617 | 1678294073982839574 |  982245963957
FINAL | a6408bad213ef09.31951368 | Test 656 | 1678293091738157064 | 1678294381183833801 |  1289445676737
FINAL | a6408bad8b6f3c7.48668546 | Test 658 | 1678293091749470169 | 1678294087211340128 |  995461869959
FINAL | a6408bad70f3c44.10168452 | Test 659 | 1678293091738823224 | 1678294071214349633 |  979475526409
FINAL | a6408badd933b76.79091668 | Test 664 | 1678293091772659231 | 1678294110414807065 |  1018642147834
FINAL | a6408badb0439d8.99745725 | Test 662 | 1678293091765781831 | 1678294102438092901 |  1010672311070
FINAL | a6408bad7acf235.99356267 | Test 661 | 1678293091779413299 | 1678294247092357471 |  1155312944172
FINAL | a6408b864ded122.79639926 | Test 762 | 1678293091799208489 | 1678294263969228798 |  1172170020309
FINAL | a6408bae08e1904.03644746 | Test 666 | 1678293091803335687 | 1678294264240846897 |  1172437511210
FINAL | a6408baee5e7371.73385272 | Test 670 | 1678293091809266611 | 1678294129794504865 |  1037985238254
FINAL | a6408bae988d7e3.46969441 | Test 667 | 1678293091822460168 | 1678294110322864478 |  1018500404310
FINAL | a6408badd06bb01.66289834 | Test 663 | 1678293091827155953 | 1678294092036271715 |  1000209115762
FINAL | a6408bae1ecb447.85475346 | Test 665 | 1678293091829494223 | 1678294108292541243 |  1016463047020
FINAL | a6408baf62e5360.65348815 | Test 673 | 1678293091837825814 | 1678294126329667522 |  1034491841708
FINAL | a6408baede94ec2.55380670 | Test 669 | 1678293091852653198 | 1678294113184038267 |  1021331385069
FINAL | a6408baeec54e79.48025695 | Test 668 | 1678293091859156736 | 1678294122668960990 |  1030809804254
FINAL | a6408baf055a304.64861393 | Test 671 | 1678293091863927492 | 1678294117999561181 |  1026135633689
FINAL | a6408bb42e8b324.85661151 | Test 676 | 1678293091892978257 | 1678294196131202686 |  1104238224429
FINAL | a6408bb462467a5.12004019 | Test 677 | 1678293091907279132 | 1678294219903652182 |  1127996373050
FINAL | a6408bb49658308.97986078 | Test 678 | 1678293091919244224 | 1678294224037562254 |  1132118318030
FINAL | a6408baf3e9ca73.20514841 | Test 672 | 1678293091908357998 | 1678294109736869854 |  1017828511856
FINAL | a6408bb01621841.32192953 | Test 674 | 1678293091928103636 | 1678294252002323385 |  1160074219749
FINAL | a6408bb40de0dc9.64834500 | Test 675 | 1678293091928718770 | 1678294204502323299 |  1112573604529
FINAL | a6408bb4f7aa7e2.90741437 | Test 680 | 1678293091972520074 | 1678294231132669913 |  1139160149839
FINAL | a6408bb5521adc8.90085373 | Test 682 | 1678293091979607830 | 1678294322833289212 |  1230853681382
FINAL | a6408bb58c14ed0.49662939 | Test 684 | 1678293091992342325 | 1678294211700133985 |  1119707791660
FINAL | a6408bb4e149061.57851088 | Test 679 | 1678293091973371994 | 1678294213709436220 |  1121736064226
FINAL | a6408bb54282534.89720464 | Test 683 | 1678293091974048164 | 1678294220644269737 |  1128670221573
FINAL | a6408bb57d44318.31360718 | Test 686 | 1678293092003244921 | 1678294230697029938 |  1138693785017
FINAL | a6408bb5a039a85.19309900 | Test 689 | 1678293092007673956 | 1678294205449805156 |  1113442131200
FINAL | a6408bb5ba513e6.25655584 | Test 688 | 1678293092018146766 | 1678294233477931008 |  1141459784242
FINAL | a6408bb57060412.80803801 | Test 685 | 1678293092028782031 | 1678294225111984778 |  1133083202747
FINAL | a6408bb5a6bf539.77662054 | Test 687 | 1678293092029015729 | 1678294313410818626 |  1221381802897
FINAL | a6408bb5d4f14d9.36503213 | Test 703 | 1678293092062589535 | 1678294241773564825 |  1149710975290
FINAL | a6408bb59aa3708.11180525 | Test 690 | 1678293092044867517 | 1678294239185931473 |  1147141063956
FINAL | a6408bb5ba4a5d8.71483000 | Test 695 | 1678293092071163931 | 1678294316864689042 |  1224793525111
FINAL | a6408bb5ded9ee6.34083741 | Test 702 | 1678293092092744963 | 1678294219006329244 |  1126913584281
FINAL | a6408bb5d5225a3.96695937 | Test 697 | 1678293092081786442 | 1678294230034891234 |  1137953104792
FINAL | a6408bb5b9e6cc0.76273530 | Test 691 | 1678293092082724624 | 1678294313865321090 |  1221782596466
FINAL | a6408bb5dd05737.85191167 | Test 710 | 1678293092121206423 | 1678294322013956440 |  1229892750017
FINAL | a6408bb5d811492.28444367 | Test 701 | 1678293092135075668 | 1678294220873420145 |  1128738344477
FINAL | a6408bb5e0f9830.28597233 | Test 692 | 1678293092135794688 | 1678294219268998543 |  1127133203855
FINAL | a6408bb5c8e40c9.64505793 | Test 699 | 1678293092124796933 | 1678294239511463710 |  1147386666777
FINAL | a6408bb5d7f13b3.90918305 | Test 700 | 1678293092131688740 | 1678294232284634701 |  1140152945961
FINAL | a6408bb5cd508a5.97668821 | Test 698 | 1678293092131007982 | 1678294213199988712 |  1121068980730
FINAL | a6408bb5f11f583.11068472 | Test 707 | 1678293092161969153 | 1678294231928258582 |  1139766289429
FINAL | a6408bb5f640de2.94853013 | Test 706 | 1678293092162945194 | 1678294321521877917 |  1229358932723
FINAL | a6408bb5ead9c34.61338373 | Test 705 | 1678293092164856263 | 1678294315644987666 |  1223480131403
FINAL | a6408bb602aade3.52237399 | Test 709 | 1678293092183096654 | 1678294227259147326 |  1135076050672
FINAL | a6408b864e0c1a4.23117760 | Test 778 | 1678293092185824125 | 1678294255833633469 |  1163647809344
FINAL | a6408b865394e13.29462361 | Test 809 | 1678293092212050707 | 1678294370964367305 |  1278752316598
FINAL | a6408b865260711.63561368 | Test 798 | 1678293092214649215 | 1678294370628895648 |  1278414246433
FINAL | a6408bb61d78722.44533657 | Test 714 | 1678293092223572566 | 1678294236976318280 |  1144752745714
FINAL | a6408bb5fbb3e93.32781901 | Test 711 | 1678293092262422627 | 1678294229101636384 |  1136839213757
FINAL | a6408bb618c0566.33540370 | Test 713 | 1678293092269856021 | 1678294225972298290 |  1133702442269
FINAL | a6408bb61d01bb1.66466153 | Test 715 | 1678293092271011329 | 1678294238995057889 |  1146724046560
FINAL | a6408b86556c5e3.58512756 | Test 817 | 1678293092274954001 | 1678294375105239747 |  1282830285746
FINAL | a6408b8655d1dd0.90161700 | Test 818 | 1678293092280853907 | 1678294377420979083 |  1285140125176
FINAL | a6408bb61b4fb73.06054267 | Test 723 | 1678293092321683202 | 1678294247991937184 |  1155670253982
FINAL | a6408bb60aa52d3.23307257 | Test 712 | 1678293092346999626 | 1678294220190244340 |  1127843244714
FINAL | a6408bb62640e66.96951252 | Test 717 | 1678293092337210290 | 1678294245328743469 |  1152991533179
FINAL | a6408bb5fe2fc36.81197893 | Test 708 | 1678293092342122311 | 1678294238829010522 |  1146486888211
FINAL | a6408bb6373bb30.45157538 | Test 720 | 1678293092375296997 | 1678294325017922763 |  1232642625766
FINAL | a6408bb65678581.85327239 | Test 727 | 1678293092373150608 | 1678294251899260893 |  1159526110285
FINAL | a6408bb64299931.63071964 | Test 725 | 1678293092395276704 | 1678294245696668337 |  1153301391633
FINAL | a6408bb64aced33.21001576 | Test 721 | 1678293092398400838 | 1678294253115909287 |  1160717508449
FINAL | a6408bb64d69f10.51573130 | Test 722 | 1678293092425347954 | 1678294229668037437 |  1137242689483
FINAL | a6408bb62e67b64.49384298 | Test 718 | 1678293092404705323 | 1678294231821140478 |  1139416435155
FINAL | a6408bb67794f88.77552367 | Test 737 | 1678293092424703264 | 1678294252282614665 |  1159857911401
FINAL | a6408bb66a992b7.05784301 | Test 740 | 1678293092434811539 | 1678294258952597368 |  1166517785829
FINAL | a6408bb65ef59c5.57505821 | Test 728 | 1678293092444270857 | 1678294237696519540 |  1145252248683
FINAL | a6408bb667bac58.84821311 | Test 735 | 1678293092466527116 | 1678294252860155861 |  1160393628745
FINAL | a6408b8656311b9.41889673 | Test 838 | 1678293092471716519 | 1678294376589046428 |  1284117329909
FINAL | a6408bb665ed097.96931048 | Test 732 | 1678293092491602569 | 1678294247842137156 |  1155350534587
FINAL | a6408b865550a03.80713230 | Test 351 | 1678293092487012051 | 1678293468164851684 |  375677839633
FINAL | a6408b865b4dcc6.31055418 | Test 357 | 1678293092492227692 | 1678293473755481077 |  381263253385
FINAL | a6408bb67e65ae6.57507795 | Test 748 | 1678293092501523983 | 1678294224973162377 |  1132471638394
FINAL | a6408bb662880f1.01694649 | Test 730 | 1678293092504527231 | 1678294331766794681 |  1239262267450
FINAL | a6408bb678edc09.42808543 | Test 752 | 1678293092549592459 | 1678294244228802100 |  1151679209641
FINAL | a6408bb6691f404.60473029 | Test 729 | 1678293092531227083 | 1678294254621024428 |  1162089797345
FINAL | a6408bb69401894.35801303 | Test 742 | 1678293092565552449 | 1678294251801435213 |  1159235882764
FINAL | a6408bb66461c44.97633121 | Test 734 | 1678293092553764721 | 1678294258529213481 |  1165975448760
FINAL | a6408bb698d4c33.81433972 | Test 743 | 1678293092554629294 | 1678294324169228803 |  1231614599509
FINAL | a6408b865c5b5d4.00330254 | Test 353 | 1678293092578743912 | 1678293450353148798 |  357774404886
FINAL | a6408b865ddbdc5.35263918 | Test 355 | 1678293092580064141 | 1678293486100741085 |  393520676944
FINAL | a6408bb69c5b674.59619895 | Test 741 | 1678293092603502310 | 1678294329842180645 |  1237238678335
FINAL | a6408bb67738113.15986673 | Test 733 | 1678293092602173344 | 1678294264433550244 |  1171831376900
FINAL | a6408bb67f26453.22429605 | Test 731 | 1678293092631539943 | 1678294224249797037 |  1131618257094
FINAL | a6408bb683885b9.13918849 | Test 739 | 1678293092638355316 | 1678294248363045078 |  1155724689762
FINAL | a6408bb696c18c9.57003432 | Test 746 | 1678293092640295750 | 1678294319543316239 |  1226903020489
FINAL | a6408bb69b5bb82.24480588 | Test 736 | 1678293092671830757 | 1678294236733066812 |  1144061236055
FINAL | a6408bb6b47f2c6.25600221 | Test 750 | 1678293092675081340 | 1678294250058465665 |  1157383384325
FINAL | a6408bb6ac4a0c0.94738035 | Test 751 | 1678293092679982831 | 1678294253312123957 |  1160632141126
FINAL | a6408bb695b3d88.79638267 | Test 738 | 1678293092691489030 | 1678294248072147257 |  1155380658227
FINAL | a6408bb6cbfc327.40713381 | Test 759 | 1678293092716127913 | 1678294333379443586 |  1240663315673
FINAL | a6408bb6d139050.98635998 | Test 760 | 1678293092726985605 | 1678294253198306535 |  1160471320930
FINAL | a6408bb6a5b6e45.54648146 | Test 745 | 1678293092728623440 | 1678294247260612694 |  1154531989254
FINAL | a6408bb6d0339b0.20865542 | Test 758 | 1678293092755049186 | 1678294253594959553 |  1160839910367
FINAL | a6408bb6c5d1e58.06898161 | Test 754 | 1678293092736090917 | 1678294242433015914 |  1149696924997
FINAL | a6408b86609ed38.86450991 | Test 360 | 1678293092740000136 | 1678293466392484182 |  373652484046
FINAL | a6408bb6a47ed64.12087310 | Test 749 | 1678293092740699540 | 1678294258130243795 |  1165389544255
FINAL | a6408bb6da051b4.54433464 | Test 753 | 1678293092774338207 | 1678294251999013271 |  1159224675064
FINAL | a6408bb6d92abc4.18966654 | Test 761 | 1678293092778941628 | 1678294335520526363 |  1242741584735
FINAL | a6408bb6ab9f585.70640973 | Test 744 | 1678293092789105809 | 1678294255025946940 |  1162236841131
FINAL | a6408bb6d392724.11353369 | Test 755 | 1678293092796344117 | 1678294248533275238 |  1155736931121
FINAL | a6408b8661a4668.15565495 | Test 359 | 1678293092796893108 | 1678293460242837197 |  367445944089
FINAL | a6408bb6cd83331.84627818 | Test 757 | 1678293092809194360 | 1678294326303994680 |  1233494800320
FINAL | a6408bb71589d40.59610244 | Test 765 | 1678293092838683367 | 1678294234637413638 |  1141798730271
FINAL | a6408bb6f4d42f3.58299525 | Test 756 | 1678293092855400288 | 1678294323756411371 |  1230901011083
FINAL | a6408bb757bdaf6.76213586 | Test 771 | 1678293092866533318 | 1678294274755182529 |  1181888649211
FINAL | a6408bb72ee7f45.61395693 | Test 768 | 1678293092872912653 | 1678294261680412734 |  1168807500081
FINAL | a6408bb6f584938.09680153 | Test 766 | 1678293092867997125 | 1678294258262318649 |  1165394321524
FINAL | a6408b86633dbb7.41749440 | Test 368 | 1678293092893011814 | 1678293465946189948 |  373053178134
FINAL | a6408bb738feed7.72134479 | Test 767 | 1678293092896151668 | 1678294330706845135 |  1237810693467
FINAL | a6408bb70f1eb14.68665064 | Test 763 | 1678293092890309611 | 1678294267676976759 |  1174786667148
FINAL | a6408bb74de9409.07785501 | Test 770 | 1678293092907059154 | 1678294258174859308 |  1165267800154
FINAL | a6408bb7294a7c7.91077058 | Test 769 | 1678293092915124123 | 1678294265748374477 |  1172833250354
FINAL | a6408bb766cfcc2.52116866 | Test 776 | 1678293092952791454 | 1678294252172374649 |  1159219583195
FINAL | a6408bb77568ec2.86252850 | Test 775 | 1678293092949169174 | 1678294247781798397 |  1154832629223
FINAL | a6408bb73cb89b1.31118708 | Test 764 | 1678293092948562154 | 1678294246596978122 |  1153648415968
FINAL | a6408bb74255c04.00456042 | Test 772 | 1678293092949787886 | 1678294245699681203 |  1152749893317
FINAL | a6408bb7703ec90.64557031 | Test 779 | 1678293092985948226 | 1678294250991140016 |  1158005191790
FINAL | a6408bb75da8196.95564815 | Test 774 | 1678293092991539483 | 1678294258838161847 |  1165846622364
FINAL | a6408bb75e26a05.89313662 | Test 773 | 1678293092998101641 | 1678294353787108921 |  1260789007280
FINAL | a6408bb784bdab7.00241779 | Test 777 | 1678293092999039130 | 1678294258602858799 |  1165603819669
FINAL | a6408bb7bdbbfd0.30699921 | Test 781 | 1678293093033203244 | 1678294253857539715 |  1160824336471
FINAL | a6408bb784f32a3.65451030 | Test 780 | 1678293093027851588 | 1678294253047318426 |  1160019466838
FINAL | a6408bb79e14248.41205869 | Test 782 | 1678293093029022085 | 1678294261709354834 |  1168680332749
FINAL | a6408bb7a62b413.72679600 | Test 783 | 1678293093055282091 | 1678294274938517961 |  1181883235870
FINAL | a6408bb7b9df645.01480208 | Test 784 | 1678293093066975052 | 1678294258820114819 |  1165753139767
FINAL | a6408bb7c31e1e0.72997839 | Test 785 | 1678293093055905121 | 1678294270084345123 |  1177028440002
FINAL | a6408bb7d7697d6.15799589 | Test 787 | 1678293093090349912 | 1678294264300857481 |  1171210507569
FINAL | a6408bb7cead912.50816248 | Test 786 | 1678293093096270165 | 1678294258267180597 |  1165170910432
FINAL | a6408b8663ee117.14983176 | Test 362 | 1678293093090941423 | 1678293462040326218 |  368949384795
FINAL | a6408bb7fe5ee84.31173924 | Test 790 | 1678293093107355264 | 1678294343977347425 |  1250869992161
FINAL | a6408bb81ab2924.22367460 | Test 788 | 1678293093127207952 | 1678294265792329150 |  1172665121198
FINAL | a6408bb8469bde8.74961670 | Test 792 | 1678293093125465361 | 1678294281609403991 |  1188483938630
FINAL | a6408bb80257274.45518573 | Test 789 | 1678293093133772134 | 1678294272802982709 |  1179669210575
FINAL | a6408bb88bb34b8.67641284 | Test 793 | 1678293093163394543 | 1678294267682672971 |  1174519278428
FINAL | a6408bb849e27c8.17971666 | Test 791 | 1678293093162453186 | 1678294271893869218 |  1178731416032
FINAL | a6408bc249c8f07.81119056 | Test 794 | 1678293093183588462 | 1678294380547026400 |  1287363437938
FINAL | a6408bc2f11f967.23044072 | Test 795 | 1678293093195994620 | 1678294381168205914 |  1287972211294
FINAL | a6408bc31d13dc0.88566701 | Test 796 | 1678293093201785341 | 1678294365805662882 |  1272603877541
FINAL | a6408bc3bc33669.49594868 | Test 799 | 1678293093210522853 | 1678294370943520170 |  1277732997317
FINAL | a6408bc3606af26.99988648 | Test 797 | 1678293093218658826 | 1678294370272706881 |  1277054048055
FINAL | a6408b866d6db70.19873987 | Test 371 | 1678293093230234166 | 1678293464932136012 |  371701901846
FINAL | a6408bc43a00825.16635533 | Test 800 | 1678293093241978813 | 1678294365592956194 |  1272350977381
FINAL | a6408bc43dbe195.16358891 | Test 802 | 1678293093242605990 | 1678294368053712589 |  1274811106599
FINAL | a6408b8672a9d03.62799427 | Test 372 | 1678293093259422728 | 1678293464560502843 |  371301080115
FINAL | a6408bc4917d935.51397343 | Test 807 | 1678293093278087406 | 1678294381186770344 |  1287908682938
FINAL | a6408bc4392acc8.35901989 | Test 801 | 1678293093276688731 | 1678294370226514158 |  1276949825427
FINAL | a6408b866b96651.20592897 | Test 364 | 1678293093273301001 | 1678293473624458768 |  380351157767
FINAL | a6408bc4591c118.99014667 | Test 805 | 1678293093286681911 | 1678294375381640444 |  1282094958533
FINAL | a6408bc4e1dd0c2.62505501 | Test 808 | 1678293093309075037 | 1678294372588349977 |  1279279274940
FINAL | a6408bc51b0c4e4.54200373 | Test 813 | 1678293093329030157 | 1678294373184720880 |  1279855690723
FINAL | a6408bc48eef552.18545076 | Test 806 | 1678293093311650652 | 1678294373720115106 |  1280408464454
FINAL | a6408bc4531f918.45397639 | Test 804 | 1678293093330503674 | 1678294371373415039 |  1278042911365
FINAL | a6408bc44488a05.96404213 | Test 803 | 1678293093356176097 | 1678294374962105593 |  1281605929496
FINAL | a6408bc51670d84.21513304 | Test 811 | 1678293093374277968 | 1678294376599148222 |  1283224870254
FINAL | a6408b866dd51c1.59558531 | Test 382 | 1678293093356994033 | 1678293456419372569 |  363062378536
FINAL | a6408bc51c9de24.14506504 | Test 812 | 1678293093385867034 | 1678294375436657213 |  1282050790179
FINAL | a6408bc53dfb297.58254470 | Test 814 | 1678293093386459947 | 1678294370826733134 |  1277440273187
FINAL | a6408bc5196aa65.85108945 | Test 810 | 1678293093387318879 | 1678294375795199478 |  1282407880599
FINAL | a6408b8671c2590.76699157 | Test 370 | 1678293093407666666 | 1678293476948918844 |  383541252178
FINAL | a6408bc5ef0e664.25672548 | Test 822 | 1678293093424230260 | 1678294376250363434 |  1282826133174
FINAL | a6408bc5d13b7d3.31459592 | Test 823 | 1678293093446276235 | 1678294376138755810 |  1282692479575
FINAL | a6408bc578a6721.00047051 | Test 816 | 1678293093456273061 | 1678294376341935785 |  1282885662724
FINAL | a6408bc571ca9f1.08461967 | Test 815 | 1678293093456875632 | 1678294376297185559 |  1282840309927
FINAL | a6408bc5d289a21.98869583 | Test 819 | 1678293093458502606 | 1678294373439823815 |  1279981321209
FINAL | a6408bc5d94cb96.92229139 | Test 821 | 1678293093470773572 | 1678294374213352754 |  1280742579182
FINAL | a6408bc677e11f4.21299724 | Test 828 | 1678293093490352355 | 1678294377804715263 |  1284314362908
FINAL | a6408bc662b55c0.09889217 | Test 825 | 1678293093502718720 | 1678294374809238747 |  1281306520027
FINAL | a6408bc5fe4fa76.23280903 | Test 820 | 1678293093504876771 | 1678294376765770708 |  1283260893937
FINAL | a6408bc6b7ecc03.11406646 | Test 831 | 1678293093538165171 | 1678294377440255770 |  1283902090599
FINAL | a6408bc6a4b2419.72314739 | Test 832 | 1678293093559020040 | 1678294378377663977 |  1284818643937
FINAL | a6408bc6bd07d01.73062685 | Test 830 | 1678293093561082543 | 1678294378561704132 |  1285000621589
FINAL | a6408bc6cc1a719.65652317 | Test 833 | 1678293093585254107 | 1678294377299158428 |  1283713904321
FINAL | a6408bc65a66437.13394699 | Test 824 | 1678293093570802759 | 1678294374953977664 |  1281383174905
FINAL | a6408bc67cad054.35310539 | Test 827 | 1678293093575134852 | 1678294377927581630 |  1284352446778
FINAL | a6408bc691375f6.75551057 | Test 826 | 1678293093583024872 | 1678294378559215650 |  1284976190778
FINAL | a6408bc6f2b36e7.82962187 | Test 835 | 1678293093626200022 | 1678294377183581213 |  1283557381191
FINAL | a6408bc6c1b6711.61483316 | Test 829 | 1678293093618292979 | 1678294378555952314 |  1284937659335
FINAL | a6408bc6c9ec3a9.92066338 | Test 834 | 1678293093618961133 | 1678294377722027178 |  1284103066045
FINAL | a6408b866e51115.63408141 | Test 373 | 1678293093651294119 | 1678293483704532384 |  390053238265
FINAL | a6408bc71c81db4.58481435 | Test 837 | 1678293093651379379 | 1678294377484847158 |  1283833467779
FINAL | a6408bc71e23ea3.64967612 | Test 836 | 1678293093655855142 | 1678294377335737104 |  1283679881962
FINAL | a6408b86124aab9.75127936 | Test 366 | 1678293088669752651 | 1678293474476999939 |  385807247288
FINAL | a6408b86373ed11.42744243 | Test 621 | 1678293088700961167 | 1678293864064661067 |  775363699900
FINAL | a6408b86d9e3c78.22333901 | Test 457 | 1678293089591291676 | 1678293477134925210 |  387543633534
FINAL | a6408b86e614799.45845588 | Test 468 | 1678293089588638585 | 1678293489016051766 |  399427413181
FINAL | a6408b86de83e82.55271419 | Test 449 | 1678293089597191692 | 1678293475264767876 |  385667576184
FINAL | a6408b8623171c5.79103313 | Test 513 | 1678293089607806587 | 1678293847438055563 |  757830248976
FINAL | a6408b86db83034.72636270 | Test 429 | 1678293089606368078 | 1678293477761701079 |  388155333001
FINAL | a6408b86e3d5d77.19870060 | Test 440 | 1678293089610372906 | 1678293476387431175 |  386777058269
FINAL | a6408b86f98e3c0.93432190 | Test 465 | 1678293089627426649 | 1678293475575376798 |  385947950149
FINAL | a6408b8704d9188.34858928 | Test 491 | 1678293089643665943 | 1678293477830224822 |  388186558879
FINAL | a6408b87136e887.10359910 | Test 492 | 1678293089649087902 | 1678293495638583461 |  405989495559
FINAL | a6408b86f3c4288.68482240 | Test 439 | 1678293089675851093 | 1678293472202306911 |  382526455818
FINAL | a6408b86134c8e6.43293815 | Test 339 | 1678293088731075658 | 1678293476741894674 |  388010819016
FINAL | a6408b8702cbc71.92386444 | Test 470 | 1678293089662837162 | 1678293480912849639 |  391250012477
FINAL | a6408b86ec096c3.76712726 | Test 450 | 1678293089667291154 | 1678293463151469854 |  373484178700
FINAL | a6408b86257a069.99739512 | Test 511 | 1678293089692651841 | 1678293833175195344 |  743482543503
FINAL | a6408b86e4d4df4.33996433 | Test 456 | 1678293089701018227 | 1678293465202210672 |  375501192445
FINAL | a6408b86ef1b001.00956918 | Test 463 | 1678293089705694245 | 1678293468169745860 |  378464051615
FINAL | a6408b862721713.83664962 | Test 526 | 1678293089711706231 | 1678293845884469471 |  756172763240
FINAL | a6408b8705516f6.63504445 | Test 471 | 1678293089734638549 | 1678293500755785327 |  411021146778
FINAL | a6408b871d010f5.03811535 | Test 495 | 1678293089732030123 | 1678293469537782672 |  379805752549
FINAL | a6408b8715df1a9.35374294 | Test 490 | 1678293089732574586 | 1678293493000970171 |  403268395585
FINAL | a6408b870574cb1.35934000 | Test 467 | 1678293089731357902 | 1678293474266086677 |  384534728775
FINAL | a6408b861482d61.63696304 | Test 390 | 1678293088746210048 | 1678293464297603723 |  375551393675
FINAL | a6408b86fdf97a9.07866415 | Test 476 | 1678293089763791657 | 1678293478579736965 |  388815945308
FINAL | a6408b87073cd72.40912354 | Test 493 | 1678293089767233468 | 1678293482215102259 |  392447868791
FINAL | a6408b8713622d9.31325700 | Test 489 | 1678293089780704767 | 1678293476956936044 |  387176231277
FINAL | a6408b8646fab94.04167638 | Test 716 | 1678293088748909165 | 1678294229720702611 |  1140971793446
FINAL | a6408b8647d37a4.67770837 | Test 724 | 1678293088755284864 | 1678294236176619866 |  1147421335002
FINAL | a6408b865e34517.08696305 | Test 352 | 1678293088775883592 | 1678293465150884972 |  376375001380
FINAL | a6408b864a43d25.64201228 | Test 726 | 1678293088779199256 | 1678294330219202230 |  1241440002974
FINAL | a6408b8614a5d84.58447066 | Test 386 | 1678293088760813622 | 1678293471794651100 |  383033837478
FINAL | a6408b866554967.60855971 | Test 358 | 1678293088806523800 | 1678293477719439173 |  388912915373
FINAL | a6408b864ba1030.46090753 | Test 747 | 1678293088804166957 | 1678294245543672870 |  1156739505913
FINAL | a6408b86129e799.13646646 | Test 378 | 1678293088683262922 | 1678293462056556647 |  373373293725
FINAL | a6408b866006933.65457921 | Test 356 | 1678293088804930479 | 1678293467622768903 |  378817838424
FINAL | a6408b86660e081.16285827 | Test 363 | 1678293088830464212 | 1678293470163621652 |  381333157440
FINAL | a6408b866151691.31492690 | Test 354 | 1678293088824396622 | 1678293462409349758 |  373584953136
FINAL | a6408b867985dc1.50599420 | Test 369 | 1678293088858573961 | 1678293477578985260 |  388720411299
FINAL | a6408b866633cf8.17349363 | Test 361 | 1678293088842932879 | 1678293478108492033 |  389265559154
FINAL | a6408b8662b3bc7.76977149 | Test 367 | 1678293088845974399 | 1678293478300187298 |  389454212899
FINAL | a6408b8663cca73.97071082 | Test 365 | 1678293088860069058 | 1678293469592947559 |  380732878501
FINAL | a6408b8671a8574.32033942 | Test 381 | 1678293088883044267 | 1678293468985295761 |  380102251494
FINAL | a6408b867a3ddd8.34062369 | Test 377 | 1678293088888132088 | 1678293478831232028 |  389943099940
FINAL | a6408b867c1eaf5.43369115 | Test 391 | 1678293088887602083 | 1678293470166345035 |  381278742952
FINAL | a6408b8613bbb18.88057806 | Test 340 | 1678293088689232198 | 1678293813177660506 |  724488428308
FINAL | a6408b8684dc7d3.66691717 | Test 392 | 1678293088911309437 | 1678293467529734716 |  378618425279
FINAL | a6408b86788f4a4.88474152 | Test 380 | 1678293088917317556 | 1678293466518013980 |  377600696424
FINAL | a6408b867552544.06196051 | Test 374 | 1678293088916715525 | 1678293476689179946 |  387772464421
FINAL | a6408b867eb31c1.10835657 | Test 393 | 1678293088928141784 | 1678293474652845190 |  385724703406
FINAL | a6408b8678e2ed2.04827469 | Test 379 | 1678293088938426852 | 1678293474162536872 |  385224110020
FINAL | a6408b8672b9e34.23141906 | Test 375 | 1678293088942405110 | 1678293465210489544 |  376268084434
FINAL | a6408b867887a07.52061047 | Test 384 | 1678293088939240199 | 1678293475660716009 |  386721475810
FINAL | a6408b8676dde81.17182997 | Test 388 | 1678293088948555616 | 1678293468171449699 |  379222894083
FINAL | a6408b86cb47251.09023853 | Test 451 | 1678293088952161705 | 1678293484007377292 |  395055215587
FINAL | a6408b86734ea87.50727164 | Test 383 | 1678293088965499805 | 1678293479160940334 |  390195440529
FINAL | a6408b861454757.83549839 | Test 398 | 1678293088701244197 | 1678293481837568515 |  393136324318
FINAL | a6408b86820bff1.61957736 | Test 399 | 1678293088979814806 | 1678293476999703909 |  388019889103
FINAL | a6408b867bb6971.79923407 | Test 389 | 1678293088979014274 | 1678293458070141841 |  369091127567
FINAL | a6408b86b8e1ed8.02952498 | Test 438 | 1678293089016962090 | 1678293481067759390 |  392050797300
FINAL | a6408b869d39937.34262108 | Test 424 | 1678293088995863894 | 1678293472374745367 |  383378881473
FINAL | a6408b86ab02e93.32125153 | Test 431 | 1678293089030213436 | 1678293457718387319 |  368688173883
FINAL | a6408b86836c0a6.32621018 | Test 385 | 1678293089017992144 | 1678293472964927461 |  383946935317
FINAL | a6408b86a1d7199.21150845 | Test 407 | 1678293089035781028 | 1678293458218952783 |  369183171755
FINAL | a6408b86b3a1780.63651617 | Test 414 | 1678293089037656508 | 1678293480901398093 |  391863741585
FINAL | a6408b869a21d84.66686813 | Test 394 | 1678293089050301386 | 1678293464578965081 |  375528663695
FINAL | a6408b86b413601.64217568 | Test 402 | 1678293089038368165 | 1678293456839316587 |  367800948422
FINAL | a6408b861473f21.78702965 | Test 406 | 1678293088693590690 | 1678293480849853893 |  392156263203
FINAL | a6408b86aa59099.33613495 | Test 417 | 1678293089064401194 | 1678293469242311437 |  380177910243
FINAL | a6408b86b3521a7.04404522 | Test 426 | 1678293089082394612 | 1678293470837432406 |  381755037794
FINAL | a6408b86a517581.60504609 | Test 411 | 1678293089093693252 | 1678293467435790673 |  378342097421
FINAL | a6408b869e94306.79337014 | Test 405 | 1678293089102653252 | 1678293473704881058 |  384602227806
FINAL | a6408b86ba85fd9.16364740 | Test 434 | 1678293089094992360 | 1678293472201466033 |  383106473673
FINAL | a6408b8619c2022.28024569 | Test 341 | 1678293089099236918 | 1678293843458964380 |  754359727462
FINAL | a6408b86abd6c90.09091118 | Test 422 | 1678293089114335642 | 1678293475636264889 |  386521929247
FINAL | a6408b86a742244.48187422 | Test 412 | 1678293089129391957 | 1678293499155434879 |  410026042922
FINAL | a6408b861ba8bf3.02956784 | Test 416 | 1678293089148520845 | 1678293473473883845 |  384325363000
FINAL | a6408b86b053624.36133817 | Test 396 | 1678293089141586649 | 1678293472122228246 |  382980641597
FINAL | a6408b8614598a1.11378208 | Test 376 | 1678293088707126730 | 1678293470198926578 |  381491799848
FINAL | a6408b86ac9ed27.51311942 | Test 395 | 1678293089159399227 | 1678293464059305133 |  374899905906
FINAL | a6408b86ba36033.32044784 | Test 413 | 1678293089171551239 | 1678293478062950452 |  388891399213
FINAL | a6408b86a6608a8.79904936 | Test 419 | 1678293089176926920 | 1678293482994998299 |  393818071379
FINAL | a6408b86195c117.21711152 | Test 404 | 1678293089184175697 | 1678293474923999457 |  385739823760
FINAL | a6408b86a7b7df7.73780106 | Test 418 | 1678293089185373046 | 1678293469967348994 |  380781975948
FINAL | a6408b86b1b4a50.79555941 | Test 435 | 1678293089206716963 | 1678293493904207269 |  404697490306
FINAL | a6408b86b5b3c22.83394300 | Test 442 | 1678293089215262475 | 1678293471478031093 |  382262768618
FINAL | a6408b861cc5219.14480296 | Test 342 | 1678293089218873583 | 1678293849501990545 |  760283116962
FINAL | a6408b86a9324d3.14987731 | Test 415 | 1678293089238197570 | 1678293484613238479 |  395375040909
FINAL | a6408b86b98b3f6.61370299 | Test 433 | 1678293089251807177 | 1678293478752308350 |  389500501173
FINAL | a6408b8625f9b58.72090932 | Test 520 | 1678293088704612681 | 1678294313229362562 |  1224524749881
FINAL | a6408b861bc8e10.04879957 | Test 410 | 1678293089258001626 | 1678293472323074640 |  383065073014
FINAL | a6408b86a803ae3.24149733 | Test 400 | 1678293089289954458 | 1678293482027574428 |  392737619970
FINAL | a6408b861de0183.42228463 | Test 408 | 1678293089283467942 | 1678293475946163768 |  386662695826
FINAL | a6408b869a42db5.27737995 | Test 397 | 1678293089309925829 | 1678293477963488759 |  388653562930
FINAL | a6408b861cd8e82.24225432 | Test 420 | 1678293089292543418 | 1678293471568431054 |  382275887636
FINAL | a6408b861de0bb6.66590387 | Test 428 | 1678293089299602249 | 1678293486284928647 |  396985326398
FINAL | a6408b86bcfb8f6.70870656 | Test 409 | 1678293089300913701 | 1678293475339614360 |  386038700659
FINAL | a6408b86b046e16.84173565 | Test 403 | 1678293089315186103 | 1678293471920157914 |  382604971811
FINAL | a6408b86d4b0242.77980598 | Test 454 | 1678293089343100796 | 1678293477470284924 |  388127184128
FINAL | a6408b86c04db58.61880875 | Test 401 | 1678293089367013686 | 1678293482216863766 |  392849850080
FINAL | a6408b8614849c4.90499304 | Test 387 | 1678293088719430336 | 1678293467823079530 |  379103649194
FINAL | a6408b86d88de85.56240065 | Test 425 | 1678293089393379330 | 1678293474866782509 |  385473403179
FINAL | a6408b86ca29182.67587641 | Test 427 | 1678293089389673884 | 1678293459567262493 |  370177588609
FINAL | a6408b86e8b8f88.11840461 | Test 453 | 1678293089407872817 | 1678293475673513352 |  386265640535
FINAL | a6408b86de9e723.82158873 | Test 452 | 1678293089429309419 | 1678293478401127886 |  388971818467
FINAL | a6408b86d904969.20686029 | Test 443 | 1678293089443196217 | 1678293478674292486 |  389231096269
FINAL | a6408b86f865235.01802924 | Test 466 | 1678293089438051450 | 1678293474059714300 |  384621662850
FINAL | a6408b86e68b0f4.06932759 | Test 447 | 1678293089445874706 | 1678293482225730732 |  392779856026
FINAL | a6408b86c53e6c7.80409212 | Test 462 | 1678293089475046948 | 1678293469197761556 |  379722714608
FINAL | a6408b86d56ac35.89874810 | Test 445 | 1678293089477544487 | 1678293480070132662 |  390592588175
FINAL | a6408b86b33dbc3.86189771 | Test 423 | 1678293089478246855 | 1678293467850940271 |  378372693416
FINAL | a6408b863657363.62592589 | Test 609 | 1678293088713221512 | 1678293858477078553 |  769763857041
FINAL | a6408b86d160a20.84998790 | Test 430 | 1678293089510226839 | 1678293473675100244 |  384164873405
FINAL | a6408b86cf417f1.40798723 | Test 437 | 1678293089505395359 | 1678293482112814783 |  392607419424
FINAL | a6408b86d8d14a3.78235699 | Test 432 | 1678293089511126809 | 1678293469745704838 |  380234578029
FINAL | a6408b86d072714.20961901 | Test 421 | 1678293089530170177 | 1678293484016630001 |  394486459824
FINAL | a6408b86dda4339.57258325 | Test 459 | 1678293089511884310 | 1678293479344433583 |  389832549273
FINAL | a6408b86ede1022.61821603 | Test 444 | 1678293089531343288 | 1678293477165554388 |  387634211100
FINAL | a6408b86c12c0a9.41472169 | Test 441 | 1678293089547074220 | 1678293486772852229 |  397225778009
FINAL | a6408b86e43bfc7.47125986 | Test 446 | 1678293089551013064 | 1678293468659901973 |  379108888909
FINAL | a6408b86dd78ee6.11899960 | Test 461 | 1678293089556117126 | 1678293477826681952 |  388270564826
FINAL | a6408b86c87b528.04767600 | Test 448 | 1678293089559692827 | 1678293474791281395 |  385231588568
