FINAL | a6407744e72c751.10405115 | Test 165 | 1678210112272632562 | 1678210244053298849 |  131780666287
FINAL | a6407744eebcc73.95941067 | Test 205 | 1678210112275402340 | 1678210244274634162 |  131999231822
FINAL | a6407744e74e0c8.58462931 | Test 166 | 1678210112279760583 | 1678210244119929993 |  131840169410
FINAL | a6407744ec52054.83889535 | Test 163 | 1678210112280441190 | 1678210242987213819 |  130706772629
FINAL | a6407744ed334f4.32989923 | Test 169 | 1678210112296846948 | 1678210240534229777 |  128237382829
FINAL | a6407744e1b8641.59074362 | Test 161 | 1678210112302266291 | 1678210239541349179 |  127239082888
FINAL | a6407744f6a6728.56860794 | Test 198 | 1678210112314543849 | 1678210243627176881 |  131312633032
FINAL | a6407744ee46f99.04182276 | Test 164 | 1678210112322509192 | 1678210244078206598 |  131755697406
FINAL | a6407744eecb0d1.33012027 | Test 188 | 1678210112343069430 | 1678210242990116198 |  130647046768
FINAL | a6407744eeadf74.83681792 | Test 167 | 1678210112344161989 | 1678210244239582842 |  131895420853
FINAL | a6407744edfc366.22059364 | Test 184 | 1678210112353023196 | 1678210244267295996 |  131914272800
FINAL | a6407744e767da9.60114971 | Test 177 | 1678210112354276508 | 1678210241551569992 |  129197293484
FINAL | a6407744f19b101.37620558 | Test 192 | 1678210112378372543 | 1678210243647419191 |  131269046648
FINAL | a6407744e7b8346.53921436 | Test 171 | 1678210112379111900 | 1678210244264110376 |  131884998476
FINAL | a6407744f0cd8c7.13614241 | Test 190 | 1678210112386178225 | 1678210243759225249 |  131373047024
FINAL | a6407744ecace47.04873797 | Test 170 | 1678210112387820979 | 1678210243672216181 |  131284395202
FINAL | a6407744e8cf387.12436588 | Test 162 | 1678210112388284219 | 1678210244121016133 |  131732731914
FINAL | a6407744eca9907.81033885 | Test 172 | 1678210112414544666 | 1678210244168085001 |  131753540335
FINAL | a6407744f085788.45880907 | Test 173 | 1678210112422818218 | 1678210241748463912 |  129325645694
FINAL | a6407744f207e93.49708075 | Test 186 | 1678210112437758134 | 1678210242970434830 |  130532676696
FINAL | a6407744e0a9a50.99622138 | Test 159 | 1678210112435349011 | 1678210238861305034 |  126425956023
FINAL | a6407744ece5e81.90997716 | Test 160 | 1678210112461961941 | 1678210239679268438 |  127217306497
FINAL | a6407744ee72a36.37860086 | Test 200 | 1678210112475278759 | 1678210243856304041 |  131381025282
FINAL | a6407744edbf9f7.37912053 | Test 175 | 1678210112470443152 | 1678210244255104199 |  131784661047
FINAL | a6407744eea4781.85742862 | Test 168 | 1678210112463067236 | 1678210242294940176 |  129831872940
FINAL | a6407744ec75f27.83234844 | Test 174 | 1678210112483412418 | 1678210243534290640 |  131050878222
FINAL | a6407744f1f2e79.70276573 | Test 176 | 1678210112497954858 | 1678210243791677441 |  131293722583
FINAL | a6407744f582138.28811983 | Test 204 | 1678210112511998822 | 1678210243853260026 |  131341261204
FINAL | a6407744f0c5e26.18847975 | Test 182 | 1678210112514204773 | 1678210239654356131 |  127140151358
FINAL | a6407744f4078e0.23030039 | Test 203 | 1678210112534799484 | 1678210243163290810 |  130628491326
FINAL | a6407744f6ff296.69851010 | Test 195 | 1678210112535024357 | 1678210241287449159 |  128752424802
FINAL | a6407744f42dd54.11061147 | Test 187 | 1678210112540805770 | 1678210242559235655 |  130018429885
FINAL | a6407744f5ae8c1.00100175 | Test 197 | 1678210112558203439 | 1678210242913054323 |  130354850884
FINAL | a6407744f6a47a5.45035218 | Test 196 | 1678210112570317651 | 1678210242628938635 |  130058620984
FINAL | a6407744f586ac9.47476899 | Test 191 | 1678210112579030217 | 1678210241741653186 |  129162622969
FINAL | a6407744f231a64.71982144 | Test 185 | 1678210112588820505 | 1678210243558232956 |  130969412451
FINAL | a6407744f0e5771.85243604 | Test 181 | 1678210112589571186 | 1678210242508006315 |  129918435129
FINAL | a6407744f5b29f6.34541875 | Test 199 | 1678210112604269338 | 1678210243610946833 |  131006677495
FINAL | a6407744f69a8a5.86951667 | Test 202 | 1678210112620194473 | 1678210242105264297 |  129485069824
FINAL | a6407744f13c017.40771103 | Test 179 | 1678210112628571118 | 1678210243595512229 |  130966941111
FINAL | a6407744f116443.21558792 | Test 193 | 1678210112637978979 | 1678210244160893672 |  131522914693
FINAL | a6407744f374466.55727706 | Test 201 | 1678210112634502583 | 1678210243855042943 |  131220540360
FINAL | a6407744f342443.06605751 | Test 189 | 1678210112652156313 | 1678210243143760667 |  130491604354
FINAL | a6407744ed2b7b5.88234174 | Test 183 | 1678210112655688964 | 1678210239749793311 |  127094104347
FINAL | a6407744ef38e85.13887752 | Test 180 | 1678210112687856763 | 1678210243993556228 |  131305699465
FINAL | a6407744f4180f8.67686899 | Test 194 | 1678210112691746084 | 1678210243503306655 |  130811560571
FINAL | a6407744eec9699.54423098 | Test 178 | 1678210112696215895 | 1678210243713671784 |  131017455889
